IncidentId,AgencyORI,AgencyName,IncidentStatusDesc,County,RdwyNumber,Street,RoadwayName,StreetSfx,StreetDir,IntersectionRdwy,IntersectionRdwyName,BetweenStRdwy1,BetweenStRdwyName1,BetweenStRdwy2,BetweenStRdwyName2,Latitude,Longitude,Milepoint,CollisionDate,CollisionTime,UnitsInvolved,MotorVehiclesInvolved,NumberKilled,NumberInjured,Weather,RdwyConditionCode,HitandRun,DirAnalysisCode,MannerofCollision,RdwyCharacter,LightCondition,RampFromRdwyId,RampToRdwyId,AcceptedDate,IsSecondaryCollision,OwnerBadge,IncidentStatus
20191662,0568000,LOUISVILLE METRO POLICE DEPT,Accepted,JEFFERSON,,,NIGHT ACRES,LN,,,,,,,,38.1666509,-85.8893298,0.078,7/15/2017,0936,2,1,0,1,CLEAR,DRY,FALSE,COLLISION WITH PEDESTRIAN NON - INTERSECTION,SINGLE VEHICLE,STRAIGHT & LEVEL,DAYLIGHT,,,42933.45479,FALSE,7123,Accepted
20179048,0568000,LOUISVILLE METRO POLICE DEPT,Accepted,JEFFERSON,US0031E,,BARDSTOWN,RD,,,GOLDSMITH,,,,,38.2085025,-85.6689275,11.773,7/13/2017,0720,2,1,0,1,CLEAR,DRY,FALSE,COLLISION WITH PEDESTRIAN IN INTERSECTION,SINGLE VEHICLE,CURVE & LEVEL,DAYLIGHT,,,42930.40943,FALSE,7435,Accepted
20237518,0568000,LOUISVILLE METRO POLICE DEPT,Accepted,JEFFERSON,,13501,BLAKELY,LN,,,,,,,,38.05591,-85.8780383,0.465,7/10/2017,2313,2,1,1,1,CLEAR,DRY,FALSE,COLLISION WITH PEDESTRIAN NON - INTERSECTION,SINGLE VEHICLE,STRAIGHT & LEVEL,DARK-HWY NOT LIGHTED,,,42927.41024,FALSE,2000,Accepted
20172409,0568000,LOUISVILLE METRO POLICE DEPT,Accepted,JEFFERSON,KY1020,,2ND,ST,S,,,,,,,38.2458303,-85.7550476,12.097,7/8/2017,2239,2,1,1,0,CLEAR,DRY,FALSE,COLLISION WITH PEDESTRIAN NON - INTERSECTION,SINGLE VEHICLE,STRAIGHT & LEVEL,DARK-HWY LIGHTED/ON,,,42929.40847,FALSE,6886,Accepted
20078904,0568000,LOUISVILLE METRO POLICE DEPT,Accepted,JEFFERSON,US0031W,,DIXIE,HWY,,,DIXIE GARDEN,,,,,38.099004,-85.8719184,7.98,6/23/2017,1755,2,1,0,1,RAINING,WET,FALSE,COLLISION WITH PEDESTRIAN IN INTERSECTION,SINGLE VEHICLE,STRAIGHT & LEVEL,DAYLIGHT,,,42912.45655,FALSE,7336,Accepted
20019348,0568000,LOUISVILLE METRO POLICE DEPT,Accepted,JEFFERSON,,3001,CHAMBERLAIN,LN,,,,,,,,38.2879632,-85.5241855,0.716,6/15/2017,0542,2,1,0,1,RAINING,WET,FALSE,COLLISION WITH PEDESTRIAN NON - INTERSECTION,SINGLE VEHICLE,STRAIGHT & LEVEL,DAWN,,,42901.37058,FALSE,7389,Accepted
20038892,0568000,LOUISVILLE METRO POLICE DEPT,Accepted,JEFFERSON,KY0864,,POPLAR LEVEL,RD,,,HESS,,,,,38.2120598,-85.7209559,12.718,6/12/2017,2045,2,1,0,1,CLEAR,DRY,FALSE,COLLISION WITH PEDESTRIAN IN INTERSECTION,SINGLE VEHICLE,STRAIGHT & LEVEL,DAYLIGHT,,,42905.3663,FALSE,7972,Accepted
19988121,0568000,LOUISVILLE METRO POLICE DEPT,Accepted,JEFFERSON,KY1934,,GREENBELT,HWY,,,,,,,,38.1748467,-85.8705396,6.657,6/11/2017,0007,2,1,0,1,CLEAR,DRY,FALSE,COLLISION WITH PEDESTRIAN NON - INTERSECTION,SINGLE VEHICLE,STRAIGHT & LEVEL,DARK-HWY LIGHTED/OFF,,,42898.41512,FALSE,7050,Accepted
20010374,0560400,SHIVELY POLICE DEPARTMENT,Accepted,JEFFERSON,KY1931,,7TH ST,RD,,,,,ARCADE,,PHYLLIS,38.2107913,-85.7862445,9.701,6/9/2017,2205,2,1,1,0,CLEAR,DRY,FALSE,COLLISION WITH PEDESTRIAN NON - INTERSECTION,SINGLE VEHICLE,STRAIGHT & LEVEL,DARK-HWY LIGHTED/ON,,,42900.325,FALSE,7119,Accepted
19909881,0568000,LOUISVILLE METRO POLICE DEPT,Accepted,JEFFERSON,,,BROADWAY,,W,,24TH,,,,,38.2493753,-85.7916468,0.188,5/29/2017,2155,2,1,0,1,CLEAR,DRY,FALSE,COLLISION WITH PEDESTRIAN IN INTERSECTION,SINGLE VEHICLE,STRAIGHT & LEVEL,DARK-HWY NOT LIGHTED,,,42887.36769,FALSE,2951,Accepted
19856816,0568000,LOUISVILLE METRO POLICE DEPT,Accepted,JEFFERSON,US0031W,,DIXIE,HWY,,,,,ALANADALE,KY0907,VALLEY STATION,38.1081622,-85.8663694,8.674,5/22/2017,1423,2,1,0,1,CLEAR,DRY,FALSE,COLLISION WITH PEDESTRIAN NON - INTERSECTION,SINGLE VEHICLE,STRAIGHT & LEVEL,DAYLIGHT,,,42878.36707,FALSE,6877,Accepted
19842406,0568000,LOUISVILLE METRO POLICE DEPT,Accepted,JEFFERSON,KY0864,,POPLAR LEVEL,RD,,,RANGELAND,,,,,38.1672693,-85.6818484,8.891,5/18/2017,1700,2,1,1,0,CLEAR,DRY,FALSE,COLLISION WITH PEDESTRIAN IN INTERSECTION,SINGLE VEHICLE,STRAIGHT & GRADE,DAYLIGHT,,,42877.40958,FALSE,6423,Accepted
19820774,0568000,LOUISVILLE METRO POLICE DEPT,Accepted,JEFFERSON,I 0065,,I65 S,,,,,I 0065,I65 S EXIT134 ON RAMP FROM  MAGNOLIA AVE,I 0065,I65 S EXIT135 ON RAMP FROM  E OAK ST,38.2313238,-85.7510185,134.236,5/18/2017,2213,3,2,1,0,CLEAR,DRY,FALSE,COLLISION WITH PEDESTRIAN NON - INTERSECTION,SIDESWIPE-SAME DIRECTION,STRAIGHT & LEVEL,DARK-HWY LIGHTED/ON,,,42877.4097,FALSE,2000,Accepted
19762914,0568000,LOUISVILLE METRO POLICE DEPT,Accepted,JEFFERSON,KY1934,,GREENBELT,HWY,,,,,,,,38.1756237,-85.8688914,6.761,5/16/2017,1425,2,1,0,1,CLEAR,DRY,FALSE,COLLISION WITH PEDESTRIAN NON - INTERSECTION,SINGLE VEHICLE,STRAIGHT & LEVEL,DAYLIGHT,,,42872.36838,FALSE,6010,Accepted
19659325,0568000,LOUISVILLE METRO POLICE DEPT,Accepted,JEFFERSON,KY2052,,SHEPHERDSVILLE,RD,,,,,RANGELAND,KY0864,POPLAR LEVEL,38.1627064,-85.6599843,1.661,5/7/2017,2244,2,1,0,1,CLEAR,DRY,FALSE,COLLISION WITH PEDESTRIAN NON - INTERSECTION,SINGLE VEHICLE,STRAIGHT & LEVEL,DARK-HWY NOT LIGHTED,,,42863.42563,FALSE,7294,Accepted
19717128,0568000,LOUISVILLE METRO POLICE DEPT,Accepted,JEFFERSON,US0031W,10307,DIXIE,HWY,,,,,,,,38.1303888,-85.8477007,10.52,5/3/2017,0531,2,1,0,1,CLOUDY,DRY,FALSE,COLLISION WITH PEDESTRIAN NON - INTERSECTION,SINGLE VEHICLE,STRAIGHT & LEVEL,DARK-HWY NOT LIGHTED,,,42866.36537,FALSE,2311,Accepted
19754524,0568000,LOUISVILLE METRO POLICE DEPT,Accepted,JEFFERSON,,,DOUGLASS,BLVD,,,,US0031E,BARDSTOWN,,DOROTHY,38.2249488,-85.6932374,0.613,5/2/2017,2114,3,1,0,2,CLEAR,DRY,FALSE,COLLISION WITH PEDESTRIAN NON - INTERSECTION,SINGLE VEHICLE,STRAIGHT & LEVEL,DARK-HWY LIGHTED/ON,,,42871.41059,FALSE,7180,Accepted
20092212,0568000,LOUISVILLE METRO POLICE DEPT,Accepted,JEFFERSON,KY0061,,PRESTON,HWY,,,CANAL,,,,,38.1464591,-85.6911567,4.554,4/29/2017,0104,3,2,1,2,CLOUDY,DRY,FALSE,COLLISION WITH PEDESTRIAN IN INTERSECTION,SIDESWIPE-SAME DIRECTION,STRAIGHT & LEVEL,DARK-HWY NOT LIGHTED,,,42856.37491,FALSE,2239,Accepted
19599357,0568000,LOUISVILLE METRO POLICE DEPT,Accepted,JEFFERSON,,,BROADWAY,,W,,CECIL,,,,,38.250315,-85.8205982,1.764,4/26/2017,1933,2,1,0,1,CLEAR,DRY,FALSE,COLLISION WITH PEDESTRIAN IN INTERSECTION,SINGLE VEHICLE,STRAIGHT & LEVEL,DAYLIGHT,,,42852.3275,FALSE,7072,Accepted
19597687,0568000,LOUISVILLE METRO POLICE DEPT,Accepted,JEFFERSON,,3001,CHAMBERLAIN,LN,,,,,,,,38.2965344,-85.5409959,,4/25/2017,0620,3,2,0,2,CLEAR,DRY,FALSE,COLLISION IN PARKING LOT,REAR END,STRAIGHT & LEVEL,DAYLIGHT,,,42851.45299,FALSE,7313,Accepted
19646931,0568000,LOUISVILLE METRO POLICE DEPT,Accepted,JEFFERSON,,,INDIAN,TRL,E,,,,UNSELD,,IRONWOOD,38.1800201,-85.6736621,2.066,4/22/2017,0508,2,1,1,0,CLOUDY,WET,TRUE,COLLISION WITH PEDESTRIAN NON - INTERSECTION,SINGLE VEHICLE,STRAIGHT & LEVEL,DARK-HWY LIGHTED/ON,,,42860.44986,FALSE,2533,Accepted
19548021,0560300,ST. MATTHEWS POLICE DEPARTMENT,Accepted,JEFFERSON,KY0146,7513,NEW LA GRANGE,RD,,,,,,,,38.2534735,-85.6134704,0.359,4/19/2017,2055,2,1,1,0,CLEAR,DRY,FALSE,COLLISION WITH PEDESTRIAN NON - INTERSECTION,SINGLE VEHICLE,STRAIGHT & GRADE,DARK-HWY NOT LIGHTED,,,42846.70052,FALSE,9155,Accepted
19528187,0561000,JEFFERSONTOWN POLICE DEPT,Accepted,JEFFERSON,KY0155,,TAYLORSVILLE,RD,,,,,CHERIAN,,SIX MILE,38.2108651,-85.5860991,10.97,4/15/2017,2206,2,1,1,0,CLEAR,DRY,FALSE,COLLISION WITH PEDESTRIAN NON - INTERSECTION,SINGLE VEHICLE,STRAIGHT & LEVEL,DARK-HWY LIGHTED/ON,,,42841.9064,FALSE,8265,Accepted
19530951,0560400,SHIVELY POLICE DEPARTMENT,Accepted,JEFFERSON,US0031W,,DIXIE,HWY,,,FARNSLEY,,,,,38.2008258,-85.8022288,16.028,4/15/2017,0638,2,1,1,0,CLOUDY,DRY,FALSE,COLLISION WITH PEDESTRIAN IN INTERSECTION,SINGLE VEHICLE,STRAIGHT & GRADE,DARK-HWY LIGHTED/ON,,,42844.49059,FALSE,7092,Accepted
19517994,0560400,SHIVELY POLICE DEPARTMENT,Accepted,JEFFERSON,US0031W,,DIXIE,HWY,,,RALPH,,,,,38.2060166,-85.799493,16.409,4/12/2017,2110,2,1,1,0,CLEAR,DRY,FALSE,COLLISION WITH PEDESTRIAN IN INTERSECTION,SINGLE VEHICLE,STRAIGHT & GRADE,DARK (UNKNOWN ROADWAY LIGHTING),,,42839.65736,FALSE,7118,Accepted
19535826,0568000,LOUISVILLE METRO POLICE DEPT,Accepted,JEFFERSON,,1420,GARDINER,LN,,,,,,,,38.196827,-85.6988919,,4/6/2017,0655,3,1,0,1,RAINING,WET,FALSE,COLLISION IN PARKING LOT,SINGLE VEHICLE,STRAIGHT & LEVEL,DARK (UNKNOWN ROADWAY LIGHTING),,,42832.36767,FALSE,7411,Accepted
19515481,0568000,LOUISVILLE METRO POLICE DEPT,Accepted,JEFFERSON,I 0064,,I64 W,,,,,I 0064,I64 W EXIT7 OFF RAMP TO  MELLWOOD AVE,I 0064,I64 TURN AROUND7,38.2513252,-85.7160315,6.907,3/30/2017,2342,6,3,0,4,RAINING,WET,FALSE,OTHER ROADWAY OR MID-BLOCK COLLISION,REAR END,CURVE & LEVEL,DARK-HWY NOT LIGHTED,,,42828.36919,FALSE,2000,Accepted
19391801,0568000,LOUISVILLE METRO POLICE DEPT,Accepted,JEFFERSON,KY1865,,TAYLOR,BLVD,,,LYNNHURST,,,,,38.1787514,-85.7830437,4.971,3/28/2017,2230,2,1,0,1,CLEAR,DRY,TRUE,COLLISION WITH PEDESTRIAN IN INTERSECTION,SINGLE VEHICLE,STRAIGHT & LEVEL,DARK-HWY LIGHTED/ON,,,42823.41168,FALSE,7571,Accepted
19598985,0568000,LOUISVILLE METRO POLICE DEPT,Accepted,JEFFERSON,,,24TH,ST,N,,,,ROWAN,,CROP,38.26143333,-85.78941667,0.079,3/28/2017,2004,2,1,0,1,CLOUDY,DRY,TRUE,COLLISION WITH PEDESTRIAN NON - INTERSECTION,SINGLE VEHICLE,STRAIGHT & LEVEL,DAYLIGHT,,,42849.36601,FALSE,2239,Accepted
19346289,0568000,LOUISVILLE METRO POLICE DEPT,Accepted,JEFFERSON,,,MARKET,ST,W,,,,41ST,,41ST,38.262701,-85.8161993,1.649,3/21/2017,2326,3,2,0,1,CLEAR,DRY,FALSE,COLLISION WITH PEDESTRIAN NON - INTERSECTION,BACKING,STRAIGHT & LEVEL,DARK-HWY LIGHTED/ON,,,42816.36961,FALSE,7181,Accepted
19517100,0568000,LOUISVILLE METRO POLICE DEPT,Accepted,JEFFERSON,US0031E,,BARDSTOWN,RD,,,,,,,,38.2085399,-85.6689569,11.777,3/17/2017,0658,2,1,0,1,RAINING,WET,TRUE,COLLISION WITH PEDESTRIAN NON - INTERSECTION,SINGLE VEHICLE,STRAIGHT & GRADE,DARK-HWY LIGHTED/ON,,,42816.36627,FALSE,7722,Accepted
19261798,0568000,LOUISVILLE METRO POLICE DEPT,Accepted,JEFFERSON,KY1727,5000,TERRY,RD,,,,,,,,38.1728846,-85.8655051,3.637,3/10/2017,0251,2,1,0,1,CLOUDY,DRY,FALSE,COLLISION WITH PEDESTRIAN NON - INTERSECTION,SINGLE VEHICLE,STRAIGHT & LEVEL,DARK-HWY LIGHTED/ON,,,42804.37189,FALSE,7768,Accepted
19387670,0568000,LOUISVILLE METRO POLICE DEPT,Accepted,JEFFERSON,KY2251,,BARDSTOWN,RD,,,HIKES,,,,,38.1990395,-85.6599929,1.04,3/7/2017,0637,2,1,1,0,RAINING,WET,FALSE,COLLISION WITH PEDESTRIAN IN INTERSECTION,SINGLE VEHICLE,STRAIGHT & LEVEL,DARK-HWY LIGHTED/ON,,,42822.36632,FALSE,2400,Accepted
19247108,0568000,LOUISVILLE METRO POLICE DEPT,Accepted,JEFFERSON,,,MAGNOLIA,AVE,E,,OUERBACKER,,,,,38.2285611,-85.7555998,0.159,3/7/2017,1745,2,1,0,1,CLEAR,WET,FALSE,COLLISION WITH PEDESTRIAN IN INTERSECTION,SINGLE VEHICLE,STRAIGHT & LEVEL,DAYLIGHT,,,42802.37227,FALSE,7592,Accepted
19239330,0568000,LOUISVILLE METRO POLICE DEPT,Accepted,JEFFERSON,KY0864,,POPLAR LEVEL,RD,,,JEFFERSON,,,,,38.1601545,-85.671316,8.051,3/3/2017,2032,3,2,0,2,CLEAR,DRY,FALSE,COLLISION WITH PEDESTRIAN IN INTERSECTION,REAR TO REAR,STRAIGHT & LEVEL,DARK-HWY NOT LIGHTED,,,42801.36593,FALSE,6886,Accepted
19207510,0568000,LOUISVILLE METRO POLICE DEPT,Accepted,JEFFERSON,,,STEPHAN,DR,,,,,CHASE,,SALLY,38.1272076,-85.8557983,0.305,2/28/2017,2226,2,1,0,1,CLOUDY,WET,FALSE,COLLISION WITH PEDESTRIAN NON - INTERSECTION,SINGLE VEHICLE,STRAIGHT & LEVEL,DARK-HWY NOT LIGHTED,,,42796.36642,FALSE,7851,Accepted
19183175,0568000,LOUISVILLE METRO POLICE DEPT,Accepted,JEFFERSON,,4719,WALNUT GROVE,AVE,,,,,,,,38.1724172,-85.8221095,0.249,2/23/2017,1043,2,1,1,0,CLEAR,DRY,FALSE,COLLISION WITH PEDESTRIAN NON - INTERSECTION,SINGLE VEHICLE,STRAIGHT & GRADE,DAYLIGHT,,,42793.36738,FALSE,7720,Accepted
19166284,0568000,LOUISVILLE METRO POLICE DEPT,Accepted,JEFFERSON,I 0264,,I264 W,,,,,I 0264,I264 W EXIT16 ON RAMP FROM US31E,I 0264,I264 W EXIT16 ON RAMP FROM US31E,38.2092586,-85.6748385,15.435,2/21/2017,0906,2,1,1,0,CLOUDY,DRY,FALSE,COLLISION WITH PEDESTRIAN NON - INTERSECTION,SINGLE VEHICLE,CURVE & HILLCREST,DAYLIGHT,,,42790.36734,FALSE,7840,Accepted
19149805,0560400,SHIVELY POLICE DEPARTMENT,Accepted,JEFFERSON,US0031W,,DIXIE,HWY,,,,,HEATON,I 0264,I264 E EXIT8 OFF RAMP TO US31W,38.1814765,-85.8157525,14.487,2/20/2017,2041,2,1,0,1,CLEAR,DRY,TRUE,COLLISION WITH PEDESTRIAN NON - INTERSECTION,SINGLE VEHICLE,STRAIGHT & LEVEL,DARK-HWY LIGHTED/ON,,,42788.32553,FALSE,7105,Accepted
19149836,0568000,LOUISVILLE METRO POLICE DEPT,Accepted,JEFFERSON,,,RUNDILL,RD,,,,,,,,38.166625,-85.7933795,2.284,2/20/2017,1616,3,1,0,2,CLEAR,DRY,FALSE,COLLISION WITH FIXED OBJECT NON - INTERSECTION - FIRST EVENT COLLISION 09 - 32 EXCLUDING 16,SINGLE VEHICLE,CURVE & GRADE,DAYLIGHT,,,42788.32641,FALSE,6813,Accepted
19094939,0568000,LOUISVILLE METRO POLICE DEPT,Accepted,JEFFERSON,,,DOUGLASS,BLVD,,,BOULEVARD NAPOLEON,,,,,38.2234942,-85.696035,0.43,2/13/2017,1536,2,1,0,1,CLEAR,DRY,FALSE,COLLISION WITH PEDESTRIAN IN INTERSECTION,SINGLE VEHICLE,STRAIGHT & LEVEL,DAYLIGHT,,,42780.34749,FALSE,2100,Accepted
19078691,0560300,ST. MATTHEWS POLICE DEPARTMENT,Accepted,JEFFERSON,,4001,DUTCHMANS,LN,,,,,,,,38.2339765,-85.6335797,0.405,2/7/2017,1915,2,1,0,1,CLEAR,DRY,FALSE,COLLISION WITH PEDESTRIAN NON - INTERSECTION,SINGLE VEHICLE,STRAIGHT & LEVEL,DARK-HWY NOT LIGHTED,,,42777.32632,FALSE,9146,Accepted
19030797,0568000,LOUISVILLE METRO POLICE DEPT,Accepted,JEFFERSON,US0150,,BROADWAY,,E,,,,BARRET,,BRENT,38.2443468,-85.7349566,3.662,2/2/2017,2109,2,1,0,1,CLEAR,DRY,TRUE,COLLISION WITH PEDESTRIAN NON - INTERSECTION,SINGLE VEHICLE,STRAIGHT & LEVEL,DARK-HWY LIGHTED/ON,,,42769.41291,FALSE,7408,Accepted
19021270,0568000,LOUISVILLE METRO POLICE DEPT,Accepted,JEFFERSON,,,BROADWAY,,W,,CECIL,,,,,38.2503153,-85.8205954,1.764,1/31/2017,1906,2,1,1,0,CLEAR,DRY,FALSE,COLLISION WITH PEDESTRIAN IN INTERSECTION,SINGLE VEHICLE,STRAIGHT & LEVEL,DARK-HWY LIGHTED/ON,,,42768.36785,FALSE,6886,Accepted
19087291,0568000,LOUISVILLE METRO POLICE DEPT,Accepted,JEFFERSON,KY0907,7803,3RD ST,RD,,,,,,,,38.1315632,-85.7916577,4.982,1/29/2017,0054,13,3,2,9,CLEAR,DRY,FALSE,1 VEHICLE PARKED POSITION (NOT PARKING LOT/DRIVEWAY),SIDESWIPE-SAME DIRECTION,STRAIGHT & LEVEL,DARK-HWY NOT LIGHTED,,,42767.36828,FALSE,2239,Accepted
18987950,0568000,LOUISVILLE METRO POLICE DEPT,Accepted,JEFFERSON,I 0065,,I65 S,,,,,,,,,38.2391325,-85.7533024,134.792,1/27/2017,2233,3,2,0,1,CLEAR,DRY,FALSE,COLLISION WITH PEDESTRIAN NON - INTERSECTION,HEAD ON,CURVE & GRADE,DARK-HWY NOT LIGHTED,,,42765.3731,FALSE,6886,Accepted
18973627,0568000,LOUISVILLE METRO POLICE DEPT,Accepted,JEFFERSON,I 0264,,I264 W,,,,,I 0264,I264 W EXIT9 OFF RAMP TO KY1865,I 0264,I264 W EXIT10 ON RAMP FROM KY1020,38.1895438,-85.7739015,9.754,1/17/2017,1033,2,1,0,1,CLEAR,DRY,TRUE,COLLISION WITH PEDESTRIAN NON - INTERSECTION,SINGLE VEHICLE,STRAIGHT & LEVEL,DAYLIGHT,,,42762.36669,FALSE,7840,Accepted
18854193,0568000,LOUISVILLE METRO POLICE DEPT,Accepted,JEFFERSON,KY0864,6408,FEGENBUSH,LN,,,,,,,,38.15566667,-85.63671667,6.125,1/2/2017,2203,5,3,0,2,CLOUDY,WET,FALSE,1 VEHICLE PARKED POSITION (NOT PARKING LOT/DRIVEWAY),ANGLE,CURVE & GRADE,DARK-HWY LIGHTED/OFF,,,42738.46505,FALSE,7106,Accepted
19145369,0568000,LOUISVILLE METRO POLICE DEPT,Accepted,JEFFERSON,,4407,FEGENBUSH,LN,,,,,,,,38.1855783,-85.6381658,0.115,1/1/2017,2256,2,1,0,1,RAINING,WET,FALSE,COLLISION WITH PEDESTRIAN NON - INTERSECTION,SINGLE VEHICLE,STRAIGHT & GRADE,DARK-HWY LIGHTED/ON,,,42783.61875,FALSE,7349,Accepted
18906209,0568000,LOUISVILLE METRO POLICE DEPT,Accepted,JEFFERSON,KY1020,,3RD,ST,S,,OAK,,,,,38.2348693,-85.7586687,11.316,12/27/2016,1230,2,1,0,1,CLEAR,DRY,TRUE,COLLISION WITH PEDESTRIAN IN INTERSECTION,SINGLE VEHICLE,STRAIGHT & LEVEL,DAYLIGHT,,,42752.36866,FALSE,2499,Accepted
19261162,0560400,SHIVELY POLICE DEPARTMENT,Accepted,JEFFERSON,KY1931,,7TH,ST,,,,,NONNY LYNN,,OLEANDA,38.2076098,-85.7886003,9.443,12/19/2016,2112,2,1,1,0,CLEAR,DRY,FALSE,COLLISION WITH PEDESTRIAN NON - INTERSECTION,SINGLE VEHICLE,STRAIGHT & LEVEL,DARK-HWY LIGHTED/ON,,,42735.32676,FALSE,7105,Accepted
18771286,0568000,LOUISVILLE METRO POLICE DEPT,Accepted,JEFFERSON,KY1450,,BLUE LICK,RD,,,,,,,,38.1122016,-85.6899087,1.887,12/18/2016,2250,2,1,0,1,CLOUDY,DRY,FALSE,COLLISION WITH PEDESTRIAN NON - INTERSECTION,SINGLE VEHICLE,STRAIGHT & LEVEL,DARK-HWY NOT LIGHTED,,,42723.58178,FALSE,7348,Accepted
18715954,0568000,LOUISVILLE METRO POLICE DEPT,Accepted,JEFFERSON,,,SIX MILE,LN,,,LODGE,,,,,38.1977828,-85.630239,1.307,12/7/2016,1909,2,1,0,1,CLEAR,DRY,FALSE,COLLISION WITH PEDESTRIAN IN INTERSECTION,SINGLE VEHICLE,STRAIGHT & LEVEL,DARK-HWY LIGHTED/ON,,,42712.45661,FALSE,7303,Accepted
18757342,0560300,ST. MATTHEWS POLICE DEPARTMENT,Accepted,JEFFERSON,I 0064,,I64 E,,,,,,,,,38.2367846,-85.6316442,11.996,12/1/2016,2225,2,1,1,0,CLEAR,DRY,FALSE,COLLISION WITH PEDESTRIAN NON - INTERSECTION,SINGLE VEHICLE,STRAIGHT & GRADE,DARK-HWY LIGHTED/ON,,,42719.91019,FALSE,9155,Accepted
18682809,0568000,LOUISVILLE METRO POLICE DEPT,Accepted,JEFFERSON,,,SUNNY CROSSING,DR,,,SUNNY CREEK,,,,,38.1861673,-85.6003734,0.15,12/1/2016,1502,2,1,0,1,CLEAR,DRY,FALSE,COLLISION WITH PEDESTRIAN IN INTERSECTION,SINGLE VEHICLE,STRAIGHT & LEVEL,DAYLIGHT,,,42706.37028,FALSE,7366,Accepted
18695376,0568000,LOUISVILLE METRO POLICE DEPT,Accepted,JEFFERSON,US0031W,,DIXIE,HWY,,,BLANTON,,,,,38.1574053,-85.8339029,12.538,11/30/2016,0055,2,1,1,0,RAINING,WET,FALSE,COLLISION WITH PEDESTRIAN IN INTERSECTION,SINGLE VEHICLE,STRAIGHT & LEVEL,DARK-HWY LIGHTED/ON,,,42709.45294,FALSE,7720,Accepted
18641127,0568000,LOUISVILLE METRO POLICE DEPT,Accepted,JEFFERSON,,,BROADWAY,,W,,23RD,,,,,38.2492743,-85.7898759,0.091,11/21/2016,1804,2,1,0,1,CLOUDY,DRY,FALSE,COLLISION WITH PEDESTRIAN IN INTERSECTION,SINGLE VEHICLE,CURVE & LEVEL,DUSK,,,42697.4112,FALSE,6886,Accepted
18715917,0568000,LOUISVILLE METRO POLICE DEPT,Accepted,JEFFERSON,KY1865,,TAYLOR,BLVD,,,,,BICKNELL,,CARRICO,38.18367,-85.7839313,5.325,11/21/2016,1801,3,2,0,1,CLEAR,DRY,TRUE,COLLISION WITH PEDESTRIAN NON - INTERSECTION,HEAD ON,STRAIGHT & LEVEL,DARK-HWY LIGHTED/ON,,,42712.45177,FALSE,2217,Accepted
18657062,0568000,LOUISVILLE METRO POLICE DEPT,Accepted,JEFFERSON,KY0061,,PRESTON,HWY,,,PARKWAY,,,,,38.2122181,-85.7410299,9.957,11/16/2016,0254,2,1,0,1,CLEAR,DRY,TRUE,COLLISION WITH PEDESTRIAN IN INTERSECTION,SINGLE VEHICLE,STRAIGHT & LEVEL,DARK-HWY LIGHTED/ON,,,42695.36819,FALSE,7176,Accepted
18607716,0568000,LOUISVILLE METRO POLICE DEPT,Accepted,JEFFERSON,US0031W,6701,DIXIE,HWY,,,,,,,,38.1467417,-85.8380384,11.886,11/15/2016,2112,2,1,0,1,CLEAR,DRY,FALSE,COLLISION WITH PEDESTRIAN NON - INTERSECTION,SINGLE VEHICLE,STRAIGHT & LEVEL,DARK-HWY LIGHTED/ON,,,42690.41308,FALSE,6886,Accepted