IncidentId,AgencyORI,AgencyName,IncidentStatusDesc,County,RdwyNumber,Street,RoadwayName,StreetSfx,StreetDir,IntersectionRdwy,IntersectionRdwyName,BetweenStRdwy1,BetweenStRdwyName1,BetweenStRdwy2,BetweenStRdwyName2,Latitude,Longitude,Milepoint,CollisionDate,CollisionTime,UnitsInvolved,MotorVehiclesInvolved,NumberKilled,NumberInjured,Weather,RdwyConditionCode,HitandRun,DirAnalysisCode,MannerofCollision,RdwyCharacter,LightCondition,RampFromRdwyId,RampToRdwyId,AcceptedDate,IsSecondaryCollision,OwnerBadge,IncidentStatus
18595069,0568000,LOUISVILLE METRO POLICE DEPT,Accepted,JEFFERSON,US0031W,8200,DIXIE,HWY,,,,,,,,38.1368968,-85.8436192,11.102,11/13/2016,0352,2,1,0,1,CLEAR,DRY,FALSE,COLLISION WITH PEDESTRIAN NON - INTERSECTION,SINGLE VEHICLE,STRAIGHT & LEVEL,DARK-HWY LIGHTED/ON,,,42688.41847,FALSE,7200,Accepted
18570424,0568000,LOUISVILLE METRO POLICE DEPT,Accepted,JEFFERSON,US0150,100,BROADWAY,,W,,,,,,,38.2457289,-85.753752,2.635,11/4/2016,0623,2,1,1,0,CLOUDY,DRY,TRUE,COLLISION WITH PEDESTRIAN NON - INTERSECTION,SINGLE VEHICLE,STRAIGHT & LEVEL,DARK-HWY LIGHTED/ON,,,42682.36741,FALSE,2239,Accepted
18526997,0568000,LOUISVILLE METRO POLICE DEPT,Accepted,JEFFERSON,KY1931,,SAINT ANDREWS CHURCH,RD,,KY1142,PALATKA,,,,,38.155397,-85.8019447,5.486,11/1/2016,2024,2,1,0,1,CLEAR,DRY,FALSE,COLLISION WITH PEDESTRIAN IN INTERSECTION,SINGLE VEHICLE,CURVE & LEVEL,DARK-HWY LIGHTED/ON,,,42676.45515,FALSE,7286,Accepted
18520439,0568000,LOUISVILLE METRO POLICE DEPT,Accepted,JEFFERSON,I 0265,,I265 E,,,,,I 0265,I265 E EXIT15 ON RAMP FROM KY864,I 0265,I265 E EXIT17 OFF RAMP TO US31E,38.1303484,-85.6029285,15.946,10/31/2016,2104,2,1,0,1,CLEAR,DRY,FALSE,COLLISION WITH PEDESTRIAN NON - INTERSECTION,SINGLE VEHICLE,CURVE & GRADE,DARK-HWY LIGHTED/OFF,,,42675.41106,FALSE,2017,Accepted
18503590,0568000,LOUISVILLE METRO POLICE DEPT,Accepted,JEFFERSON,,5120,DIXIE,HWY,,,,,,,,38.1669763,-85.8293951,,10/27/2016,1429,2,1,0,1,CLOUDY,DRY,FALSE,COLLISION IN PARKING LOT,SINGLE VEHICLE,STRAIGHT & GRADE,DAYLIGHT,,,42671.36866,FALSE,6813,Accepted
18498618,0568000,LOUISVILLE METRO POLICE DEPT,Accepted,JEFFERSON,,7900,SHELBYVILLE,RD,,,,,,,,38.2490842,-85.6094374,,10/23/2016,1850,2,1,0,1,CLOUDY,DRY,FALSE,COLLISION IN PARKING LOT,SINGLE VEHICLE,STRAIGHT & LEVEL,DAYLIGHT,,,42667.46035,FALSE,7510,Accepted
18576893,0568000,LOUISVILLE METRO POLICE DEPT,Accepted,JEFFERSON,KY1065,,OUTER,LOOP,,,GRADE,,,,,38.12986667,-85.7371,3.192,10/22/2016,0521,4,2,1,1,CLEAR,DRY,TRUE,COLLISION WITH PEDESTRIAN IN INTERSECTION,ANGLE,STRAIGHT & GRADE,DARK-HWY LIGHTED/OFF,,,42683.36617,TRUE,7720,Accepted
18481869,0568000,LOUISVILLE METRO POLICE DEPT,Accepted,JEFFERSON,I 0265,,I265 S,,,,,,,,,38.1247084,-85.6152157,15.149,10/22/2016,0215,3,2,0,1,CLEAR,DRY,FALSE,1 VEHICLE PARKED POSITION (NOT PARKING LOT/DRIVEWAY),REAR END,STRAIGHT & LEVEL,DARK-HWY LIGHTED/ON,,,42667.4569,FALSE,7255,Accepted
18481698,0568000,LOUISVILLE METRO POLICE DEPT,Accepted,JEFFERSON,,3120,DUMESNIL,ST,,,,,,,,38.2373602,-85.8071197,0.715,10/20/2016,0803,4,1,0,4,CLOUDY,WET,FALSE,COLLISION WITH PEDESTRIAN NON - INTERSECTION,SINGLE VEHICLE,STRAIGHT & LEVEL,DAYLIGHT,,,42667.45235,FALSE,2239,Accepted
18447241,0568000,LOUISVILLE METRO POLICE DEPT,Accepted,JEFFERSON,,6911,LOWER HUNTERS,TRCE,,,,,,,,38.1725266,-85.8787965,2.747,10/17/2016,0301,2,1,0,1,CLEAR,DRY,TRUE,COLLISION WITH PEDESTRIAN NON - INTERSECTION,SINGLE VEHICLE,STRAIGHT & LEVEL,DARK-HWY LIGHTED/OFF,,,42660.38052,FALSE,7267,Accepted
18460733,0568000,LOUISVILLE METRO POLICE DEPT,Accepted,JEFFERSON,KY1931,,7TH,ST,,,,,,,,38.20545,-85.78995,9.282,10/17/2016,0350,3,2,0,3,CLEAR,DRY,FALSE,REAR END IN TRAFFIC LANES BOTH VEHICLES MOVING,REAR END,STRAIGHT & LEVEL,DARK-HWY NOT LIGHTED,,,42661.36737,FALSE,6886,Accepted
18306266,0568000,LOUISVILLE METRO POLICE DEPT,Accepted,JEFFERSON,US0031W,16600,DIXIE,HWY,,,,,,,,38.0144727,-85.9251568,1.319,10/3/2016,2204,3,2,1,0,CLEAR,DRY,FALSE,COLLISION WITH PEDESTRIAN NON - INTERSECTION,SIDESWIPE-SAME DIRECTION,STRAIGHT & LEVEL,DARK-HWY NOT LIGHTED,,,42649.36656,FALSE,6886,Accepted
18301327,0568000,LOUISVILLE METRO POLICE DEPT,Accepted,JEFFERSON,,,GLENGARRY,DR,,,,,GARY,,MULDOON,38.1229029,-85.755363,0.239,9/30/2016,2050,2,1,1,0,CLOUDY,WET,TRUE,COLLISION WITH PEDESTRIAN NON - INTERSECTION,SINGLE VEHICLE,CURVE & LEVEL,DARK-HWY LIGHTED/ON,,,42647.36698,FALSE,2000,Accepted
18257280,0568000,LOUISVILLE METRO POLICE DEPT,Accepted,JEFFERSON,KY0864,,FEGENBUSH,LN,,KY0864,BEULAH CHURCH,,,,,38.1376499,-85.6136504,4.262,9/25/2016,2032,2,1,0,1,CLEAR,DRY,FALSE,COLLISION WITH PEDESTRIAN IN INTERSECTION,SINGLE VEHICLE,STRAIGHT & LEVEL,DARK (UNKNOWN ROADWAY LIGHTING),,,42639.42084,FALSE,7354,Accepted
18247697,0568000,LOUISVILLE METRO POLICE DEPT,Accepted,JEFFERSON,US0031W,,DIXIE,HWY,,,,,WILART,,WINGFIELD,38.2192255,-85.7941593,17.353,9/22/2016,2300,2,1,0,1,CLEAR,DRY,FALSE,COLLISION WITH PEDESTRIAN NON - INTERSECTION,SINGLE VEHICLE,STRAIGHT & LEVEL,DARK-HWY LIGHTED/ON,,,42636.45659,FALSE,7042,Accepted
18641066,0568000,LOUISVILLE METRO POLICE DEPT,Accepted,JEFFERSON,KY0155,,TAYLORSVILLE,RD,,,,,SWEENEY,,PLEASANT GLEN,38.1871555,-85.5226343,6.82,9/22/2016,2119,2,1,1,0,CLEAR,DRY,FALSE,COLLISION WITH PEDESTRIAN NON - INTERSECTION,SINGLE VEHICLE,STRAIGHT & LEVEL,DARK-HWY NOT LIGHTED,,,42639.41067,FALSE,2000,Accepted
18312847,0568000,LOUISVILLE METRO POLICE DEPT,Accepted,JEFFERSON,,315,MARSHALL,DR,,,,,,,,38.2568232,-85.6342509,,9/12/2016,1816,2,1,0,1,CLEAR,DRY,FALSE,COLLISION IN PARKING LOT,SINGLE VEHICLE,STRAIGHT & LEVEL,DAYLIGHT,,,42632.40951,FALSE,7632,Accepted
18191285,0568000,LOUISVILLE METRO POLICE DEPT,Accepted,JEFFERSON,,,WITHERSPOON,ST,E,,,,FLOYD,,PRESTON,38.257797,-85.746465,0.262,9/9/2016,2108,2,1,0,1,CLEAR,DRY,FALSE,COLLISION WITH PEDESTRIAN NON - INTERSECTION,SINGLE VEHICLE,STRAIGHT & LEVEL,DARK-HWY LIGHTED/ON,,,42625.3326,FALSE,7316,Accepted
18182641,0568000,LOUISVILLE METRO POLICE DEPT,Accepted,JEFFERSON,KY1934,,CANE RUN,RD,,,KRAMERS,,,,,38.2011571,-85.8350913,9.374,9/4/2016,0136,2,1,1,0,CLEAR,DRY,FALSE,COLLISION WITH PEDESTRIAN IN INTERSECTION,SINGLE VEHICLE,STRAIGHT & LEVEL,DARK-HWY NOT LIGHTED,,,42619.37912,FALSE,2000,Accepted
18162022,0568000,LOUISVILLE METRO POLICE DEPT,Accepted,JEFFERSON,,,36TH,ST,S,,MUHAMMAD ALI,,,,,38.2570675,-85.8109586,0.083,9/2/2016,1815,2,1,0,1,CLEAR,DRY,FALSE,COLLISION WITH PEDESTRIAN IN INTERSECTION,SINGLE VEHICLE,STRAIGHT & LEVEL,DAYLIGHT,,,42619.37436,FALSE,7360,Accepted
18100928,0568000,LOUISVILLE METRO POLICE DEPT,Accepted,JEFFERSON,,,NORENE,LN,,,,,NAOMI,,WOODED WAY,38.1644245,-85.6822409,0.48,8/24/2016,2123,3,1,0,2,CLEAR,DRY,TRUE,OTHER ROADWAY OR MID-BLOCK COLLISION,SINGLE VEHICLE,STRAIGHT & LEVEL,DARK-HWY LIGHTED/ON,,,42606.3741,FALSE,7176,Accepted
18214584,0568000,LOUISVILLE METRO POLICE DEPT,Accepted,JEFFERSON,KY0061,,PRESTON,HWY,,,LORETTA,,,,,38.1713024,-85.709232,6.566,8/24/2016,2225,2,1,1,0,CLEAR,DRY,FALSE,COLLISION WITH PEDESTRIAN IN INTERSECTION,SINGLE VEHICLE,STRAIGHT & LEVEL,DARK-HWY NOT LIGHTED,,,42611.36965,FALSE,2000,Accepted
18034453,0568000,LOUISVILLE METRO POLICE DEPT,Accepted,JEFFERSON,,,CHESTNUT,ST,W,,,US0031W,22ND,US0031W,DR W J HODGE,38.2521904,-85.787225,0.752,8/8/2016,1653,2,1,0,1,CLEAR,DRY,FALSE,COLLISION WITH PEDESTRIAN NON - INTERSECTION,SINGLE VEHICLE,STRAIGHT & LEVEL,DAYLIGHT,,,42592.46049,FALSE,2308,Accepted
17966192,0568000,LOUISVILLE METRO POLICE DEPT,Accepted,JEFFERSON,,6821,SOUTHSIDE,DR,,,,,,,,38.1582617,-85.764697,,7/25/2016,1444,2,1,0,1,CLEAR,DRY,FALSE,COLLISION IN PARKING LOT,SINGLE VEHICLE,STRAIGHT & LEVEL,DAYLIGHT,,,42577.45536,FALSE,6813,Accepted
18321015,0568000,LOUISVILLE METRO POLICE DEPT,Accepted,JEFFERSON,US0150,,BROADWAY,,W,,,,8TH,,8TH,38.2465377,-85.7644123,2.049,7/17/2016,0325,2,1,1,0,CLEAR,DRY,FALSE,COLLISION WITH PEDESTRIAN NON - INTERSECTION,SINGLE VEHICLE,STRAIGHT & LEVEL,DARK-HWY LIGHTED/ON,,,42572.63001,FALSE,2000,Accepted
17894409,0560400,SHIVELY POLICE DEPARTMENT,Accepted,JEFFERSON,US0031W,,DIXIE,HWY,,,STALLINGS,,,,,38.1747285,-85.8227901,13.88,6/27/2016,0534,2,1,1,0,CLEAR,DRY,FALSE,COLLISION WITH PEDESTRIAN IN INTERSECTION,SINGLE VEHICLE,STRAIGHT & LEVEL,DARK-HWY LIGHTED/ON,,,42559.5748,FALSE,7107,Accepted
17845144,0568000,LOUISVILLE METRO POLICE DEPT,Accepted,JEFFERSON,KY1020,,TENNY,AVE,W,,,,,,,38.1766989,-85.7650305,7.37,6/23/2016,1927,2,1,1,0,CLOUDY,DRY,FALSE,COLLISION WITH PEDESTRIAN NON - INTERSECTION,SINGLE VEHICLE,STRAIGHT & LEVEL,DAYLIGHT,,,42548.4526,FALSE,6886,Accepted
17837069,0561000,JEFFERSONTOWN POLICE DEPT,Accepted,JEFFERSON,KY0155,,TAYLORSVILLE,RD,,,,,JANLYN,,FARISH,38.2079573,-85.583451,10.723,6/21/2016,2138,4,1,2,1,CLEAR,DRY,FALSE,COLLISION WITH PEDESTRIAN NON - INTERSECTION,SINGLE VEHICLE,CURVE & LEVEL,DUSK,,,42544.32624,FALSE,8271,Accepted
17775194,0568000,LOUISVILLE METRO POLICE DEPT,Accepted,JEFFERSON,,2057,EASTERN,PKWY,,,,,,,,38.2340801,-85.706068,0.127,6/12/2016,1100,6,4,0,4,CLEAR,DRY,FALSE,1 VEHICLE PARKED POSITION (NOT PARKING LOT/DRIVEWAY),REAR END,STRAIGHT & HILLCREST,DAYLIGHT,,,42534.46068,FALSE,7306,Accepted
17991991,0568000,LOUISVILLE METRO POLICE DEPT,Accepted,JEFFERSON,US0031E,,MAIN,ST,E,,,,CLAY,,SHELBY,38.2547273,-85.7392328,17.094,6/9/2016,0017,2,1,1,0,CLEAR,DRY,FALSE,COLLISION WITH PEDESTRIAN NON - INTERSECTION,SINGLE VEHICLE,STRAIGHT & LEVEL,DARK (UNKNOWN ROADWAY LIGHTING),,,42534.45159,FALSE,6100,Accepted
17796841,0560400,SHIVELY POLICE DEPARTMENT,Accepted,JEFFERSON,US0031W,,DIXIE,HWY,,,DUBOURG,,,,,38.2098965,-85.7979038,16.686,6/9/2016,1745,2,1,0,1,CLEAR,DRY,FALSE,COLLISION WITH PEDESTRIAN IN INTERSECTION,SINGLE VEHICLE,STRAIGHT & LEVEL,DAYLIGHT,,,42538.329,FALSE,7108,Accepted
17786865,0568000,LOUISVILLE METRO POLICE DEPT,Accepted,JEFFERSON,KY0864,,POPLAR LEVEL,RD,,,,,,,,38.165807,-85.6805754,8.755,6/7/2016,2206,2,1,0,1,CLEAR,DRY,FALSE,COLLISION WITH PEDESTRIAN NON - INTERSECTION,SINGLE VEHICLE,STRAIGHT & LEVEL,DARK-HWY NOT LIGHTED,,,42536.40796,FALSE,6886,Accepted
17747892,0568000,LOUISVILLE METRO POLICE DEPT,Accepted,JEFFERSON,,,MUHAMMAD ALI,BLVD,W,,,KY1020,2ND,KY1020,3RD,38.2509234,-85.7551979,0.145,6/4/2016,1809,2,1,0,1,CLOUDY,WET,FALSE,COLLISION WITH PEDESTRIAN NON - INTERSECTION,SINGLE VEHICLE,STRAIGHT & LEVEL,DAYLIGHT,,,42528.40939,FALSE,7840,Accepted
17742229,0568000,LOUISVILLE METRO POLICE DEPT,Accepted,JEFFERSON,KY0061,,PRESTON,HWY,,,,,HUNTINGTON,,BATES,38.1413522,-85.6883415,4.171,6/3/2016,1407,2,1,0,1,CLOUDY,DRY,FALSE,COLLISION WITH PEDESTRIAN NON - INTERSECTION,SINGLE VEHICLE,STRAIGHT & LEVEL,DAYLIGHT,,,42527.41206,FALSE,2064,Accepted
17747870,0568000,LOUISVILLE METRO POLICE DEPT,Accepted,JEFFERSON,KY1747,,FERN VALLEY,RD,,,JEFFERSON,,,,,38.1569057,-85.6715013,3.332,5/31/2016,1946,2,1,0,1,CLEAR,DRY,FALSE,COLLISION WITH PEDESTRIAN IN INTERSECTION,SINGLE VEHICLE,STRAIGHT & LEVEL,DAYLIGHT,,,42528.40824,FALSE,2000,Accepted
17719945,0561000,JEFFERSONTOWN POLICE DEPT,Accepted,JEFFERSON,KY0155,9160,TAYLORSVILLE,RD,,,,,,,,38.212952,-85.5878941,11.144,5/31/2016,0545,2,1,0,1,CLEAR,DRY,FALSE,COLLISION WITH PEDESTRIAN NON - INTERSECTION,SINGLE VEHICLE,STRAIGHT & GRADE,DARK-HWY LIGHTED/ON,,,42522.32565,FALSE,8289,Accepted
17714851,0568000,LOUISVILLE METRO POLICE DEPT,Accepted,JEFFERSON,,,BROADWAY,,W,,37TH,,,,,38.2500457,-85.8126771,1.332,5/30/2016,2229,2,1,0,1,CLEAR,DRY,FALSE,COLLISION WITH PEDESTRIAN IN INTERSECTION,SINGLE VEHICLE,STRAIGHT & LEVEL,DARK-HWY LIGHTED/ON,,,42521.42438,FALSE,6886,Accepted
17780709,0560300,ST. MATTHEWS POLICE DEPARTMENT,Accepted,JEFFERSON,US0060,4400,SHELBYVILLE,RD,,,,,,,,38.2513436,-85.6362596,4.61,5/24/2016,1301,2,1,0,1,CLEAR,DRY,FALSE,COLLISION WITH PEDESTRIAN NON - INTERSECTION,SINGLE VEHICLE,STRAIGHT & LEVEL,DAYLIGHT,,,42535.36794,FALSE,9159,Accepted
17653537,0568000,LOUISVILLE METRO POLICE DEPT,Accepted,JEFFERSON,,,34TH,ST,S,,MUHAMMAD ALI,,,,,38.2566989,-85.8076778,0.385,5/16/2016,1901,2,1,0,1,RAINING,WET,FALSE,COLLISION WITH PEDESTRIAN IN INTERSECTION,SINGLE VEHICLE,STRAIGHT & LEVEL,DAYLIGHT,,,42507.57983,FALSE,7181,Accepted
17646667,0568000,LOUISVILLE METRO POLICE DEPT,Accepted,JEFFERSON,,,TREVILIAN,WAY,,KY0155,TAYLORSVILLE,,,,,38.22304,-85.6847303,0.58,5/12/2016,1658,2,1,0,1,RAINING,WET,FALSE,COLLISION WITH PEDESTRIAN IN INTERSECTION,SINGLE VEHICLE,STRAIGHT & LEVEL,DAYLIGHT,,,42506.3705,FALSE,7028,Accepted
17673537,0560400,SHIVELY POLICE DEPARTMENT,Accepted,JEFFERSON,,,RAMSER,CT,,,,,,,,38.2053494,-85.8026735,,5/12/2016,1952,3,2,0,1,CLEAR,DRY,TRUE,COLLISION IN PARKING LOT,BACKING,STRAIGHT & LEVEL,DUSK,,,42511.32656,FALSE,7088,Accepted
17633265,0568000,LOUISVILLE METRO POLICE DEPT,Accepted,JEFFERSON,US0031W,,MAIN,ST,W,,13TH,,,,,38.2581998,-85.7716193,21.107,5/11/2016,1756,2,1,0,1,CLOUDY,DRY,FALSE,COLLISION WITH PEDESTRIAN IN INTERSECTION,SINGLE VEHICLE,STRAIGHT & LEVEL,DAYLIGHT,,,42502.49606,FALSE,7245,Accepted
17633335,0568000,LOUISVILLE METRO POLICE DEPT,Accepted,JEFFERSON,I 0071,,I71 S,,,,,,,,,38.3014962,-85.6091531,7.293,5/10/2016,2111,3,2,1,1,RAINING,WET,FALSE,OTHER COLLISIONS ON SHOULDER,ANGLE,CURVE & GRADE,DARK-HWY NOT LIGHTED,,,42502.4936,FALSE,6886,Accepted
17634639,0560400,SHIVELY POLICE DEPARTMENT,Accepted,JEFFERSON,US0031W,,DIXIE,HWY,,,,,BACHMANN,,MARY CATHERINE,38.2003376,-85.8025372,15.99,5/8/2016,2232,2,1,1,0,CLEAR,DRY,FALSE,COLLISION WITH PEDESTRIAN NON - INTERSECTION,SINGLE VEHICLE,STRAIGHT & LEVEL,DARK-HWY LIGHTED/ON,,,42502.82941,FALSE,7105,Accepted
17604384,0561000,JEFFERSONTOWN POLICE DEPT,Accepted,JEFFERSON,,,STONY BROOK,DR,,,GUTENBERG,,,,,38.1780408,-85.5971542,0.632,5/5/2016,2111,2,1,0,1,CLEAR,DRY,FALSE,COLLISION WITH PEDESTRIAN IN INTERSECTION,SINGLE VEHICLE,CURVE & HILLCREST,DARK-HWY LIGHTED/ON,,,42496.32668,FALSE,8283,Accepted
17621025,0568000,LOUISVILLE METRO POLICE DEPT,Accepted,JEFFERSON,US0150,,BROADWAY,,E,,,KY0061,PRESTON,KY0061,JACKSON,38.2452806,-85.7475493,2.967,4/30/2016,2306,2,1,0,1,RAINING,WET,TRUE,COLLISION WITH PEDESTRIAN NON - INTERSECTION,SINGLE VEHICLE,STRAIGHT & LEVEL,DARK-HWY LIGHTED/ON,,,42500.40883,FALSE,2032,Accepted
17572773,0568000,LOUISVILLE METRO POLICE DEPT,Accepted,JEFFERSON,,,JEFFERSON,ST,W,,7TH,,,,,38.2543844,-85.7619776,0.545,4/26/2016,1636,2,1,0,1,RAINING,WET,FALSE,COLLISION WITH PEDESTRIAN IN INTERSECTION,SINGLE VEHICLE,STRAIGHT & LEVEL,DAYLIGHT,,,42487.36987,FALSE,7111,Accepted
17585593,0568000,LOUISVILLE METRO POLICE DEPT,Accepted,JEFFERSON,KY1934,,CANE RUN,RD,,,,,,,,38.1952017,-85.8428911,8.763,4/23/2016,2350,2,1,0,1,CLEAR,DRY,FALSE,COLLISION WITH PEDESTRIAN NON - INTERSECTION,SINGLE VEHICLE,STRAIGHT & LEVEL,DUSK,,,42492.45131,FALSE,2845,Accepted
17574059,0568000,LOUISVILLE METRO POLICE DEPT,Accepted,JEFFERSON,KY3082,,BANK,ST,,,,,,,,38.2708035,-85.7950179,0.847,4/21/2016,1915,4,2,0,3,RAINING,WET,FALSE,COLLISION WITH PEDESTRIAN NON - INTERSECTION,REAR END,STRAIGHT & LEVEL,DUSK,,,42485.41146,FALSE,7939,Accepted
17573415,0568000,LOUISVILLE METRO POLICE DEPT,Accepted,JEFFERSON,US0031W,,DIXIE,HWY,,,,,,,,38.0903195,-85.8770546,7.322,4/20/2016,2135,2,1,1,0,CLEAR,DRY,FALSE,COLLISION WITH PEDESTRIAN NON - INTERSECTION,SINGLE VEHICLE,STRAIGHT & LEVEL,DARK-HWY NOT LIGHTED,,,42486.40797,FALSE,6886,Accepted
17633291,0568000,LOUISVILLE METRO POLICE DEPT,Accepted,JEFFERSON,,,ZORN,AVE,,,,,JARVIS,,COUNTRY CLUB,38.2672959,-85.6913626,0.933,4/17/2016,0105,2,1,1,0,CLEAR,DRY,FALSE,COLLISION WITH PEDESTRIAN NON - INTERSECTION,SINGLE VEHICLE,STRAIGHT & GRADE,DARK-HWY NOT LIGHTED,,,42479.4359,FALSE,2000,Accepted
17563317,0568000,LOUISVILLE METRO POLICE DEPT,Accepted,JEFFERSON,US0060,,FRANKFORT,AVE,,,PETERSON,,,,,38.2539817,-85.6980625,1.213,4/5/2016,1726,2,1,0,1,CLEAR,DRY,FALSE,COLLISION WITH PEDESTRIAN IN INTERSECTION,SINGLE VEHICLE,STRAIGHT & LEVEL,DAYLIGHT,,,42478.40922,FALSE,7985,Accepted
17563203,0568000,LOUISVILLE METRO POLICE DEPT,Accepted,JEFFERSON,,,GRAND,AVE,,,,,25TH,,26TH,38.2406871,-85.7959823,0.561,4/2/2016,1622,3,2,1,0,CLEAR,DRY,FALSE,COLLISION WITH PEDESTRIAN NON - INTERSECTION,HEAD ON,STRAIGHT & LEVEL,DAYLIGHT,,,42478.4088,FALSE,2217,Accepted
17559451,0568000,LOUISVILLE METRO POLICE DEPT,Accepted,JEFFERSON,,,CECIL,AVE,,,,,BROADWAY,,GARLAND,38.2483418,-85.8207934,0.809,3/24/2016,0827,3,2,0,1,CLOUDY,DRY,FALSE,COLLISION WITH PEDESTRIAN NON - INTERSECTION,SIDESWIPE-SAME DIRECTION,STRAIGHT & LEVEL,DAYLIGHT,,,42454.45287,FALSE,7337,Accepted
17559396,0568000,LOUISVILLE METRO POLICE DEPT,Accepted,JEFFERSON,,,CHESTNUT,ST,W,,4TH,,,,,38.2489507,-85.7577999,2.368,3/23/2016,2334,2,1,0,1,CLEAR,DRY,FALSE,COLLISION WITH PEDESTRIAN IN INTERSECTION,SINGLE VEHICLE,STRAIGHT & LEVEL,DARK-HWY LIGHTED/ON,,,42454.45245,FALSE,7316,Accepted
17544164,0568000,LOUISVILLE METRO POLICE DEPT,Accepted,JEFFERSON,US0060,,SHELBYVILLE,RD,,,TOWNE CREEK,,,,,38.2435008,-85.5184515,11.2,3/21/2016,0708,4,3,0,2,CLEAR,DRY,FALSE,OPPOSING LEFT TURN,OPPOSING LEFT TURN,STRAIGHT & GRADE,DAWN,,,42453.40777,TRUE,7996,Accepted
17545216,0568000,LOUISVILLE METRO POLICE DEPT,Accepted,JEFFERSON,KY1020,,2ND,ST,S,,,US0150,BROADWAY,,CHESTNUT,38.2461721,-85.7549867,12.12,3/15/2016,1546,2,1,0,1,CLEAR,DRY,FALSE,COLLISION WITH PEDESTRIAN NON - INTERSECTION,SINGLE VEHICLE,STRAIGHT & LEVEL,DAYLIGHT,,,42450.41056,FALSE,7111,Accepted
17544888,0568000,LOUISVILLE METRO POLICE DEPT,Accepted,JEFFERSON,,,CENTRAL,AVE,,KY1020,3RD,,,,,38.2047775,-85.7638974,0.353,3/12/2016,1244,6,2,0,5,CLEAR,DRY,FALSE,ANGLE COLLISION - ONE VEHICLE TURNING LEFT,ANGLE,STRAIGHT & LEVEL,DAYLIGHT,,,42443.47044,FALSE,2499,Accepted
17558003,0568000,LOUISVILLE METRO POLICE DEPT,Accepted,JEFFERSON,KY1020,,3RD,ST,S,,SAINT CATHERINE,,,,,38.2372546,-85.7582608,11.492,3/11/2016,0625,2,1,0,1,CLEAR,DRY,TRUE,COLLISION WITH PEDESTRIAN IN INTERSECTION,SINGLE VEHICLE,STRAIGHT & LEVEL,DARK (UNKNOWN ROADWAY LIGHTING),,,42454.45076,FALSE,7183,Accepted
17562815,0568000,LOUISVILLE METRO POLICE DEPT,Accepted,JEFFERSON,KY1934,,CANE RUN,RD,,,CLARINET,,,,,38.1922833,-85.8467702,8.476,3/1/2016,0652,2,1,0,1,CLEAR,DRY,TRUE,COLLISION WITH PEDESTRIAN IN INTERSECTION,SINGLE VEHICLE,STRAIGHT & LEVEL,DAWN,,,42430.41169,FALSE,7762,Accepted
17534677,0568000,LOUISVILLE METRO POLICE DEPT,Accepted,JEFFERSON,US0031E,,BARDSTOWN,RD,,,,US0031E,BAXTER,KY2860,GRINSTEAD,38.2396575,-85.7232529,15.58,3/1/2016,1931,2,1,0,1,CLOUDY,DRY,FALSE,COLLISION WITH PEDESTRIAN NON - INTERSECTION,SINGLE VEHICLE,STRAIGHT & LEVEL,DARK-HWY LIGHTED/ON,,,42431.42042,FALSE,7669,Accepted
17538471,0568000,LOUISVILLE METRO POLICE DEPT,Accepted,JEFFERSON,KY1931,,MANSLICK,RD,,,MANSLICK,,,,,38.1915656,-85.8008605,8.099,2/29/2016,1354,2,1,1,0,CLEAR,DRY,FALSE,COLLISION WITH PEDESTRIAN IN INTERSECTION,SINGLE VEHICLE,STRAIGHT & LEVEL,DAYLIGHT,,,42431.4169,FALSE,7578,Accepted