IncidentId,AgencyORI,AgencyName,IncidentStatusDesc,County,RdwyNumber,Street,RoadwayName,StreetSfx,StreetDir,IntersectionRdwy,IntersectionRdwyName,BetweenStRdwy1,BetweenStRdwyName1,BetweenStRdwy2,BetweenStRdwyName2,Latitude,Longitude,Milepoint,CollisionDate,CollisionTime,UnitsInvolved,MotorVehiclesInvolved,NumberKilled,NumberInjured,Weather,RdwyConditionCode,HitandRun,DirAnalysisCode,MannerofCollision,RdwyCharacter,LightCondition,RampFromRdwyId,RampToRdwyId,AcceptedDate,IsSecondaryCollision,OwnerBadge,IncidentStatus
17536726,0568000,LOUISVILLE METRO POLICE DEPT,Accepted,JEFFERSON,US0031E,,BARDSTOWN,RD,,,,,,,,38.2238062,-85.6887904,13.366,2/23/2016,2110,2,1,0,1,RAINING,WET,FALSE,COLLISION WITH PEDESTRIAN NON - INTERSECTION,SINGLE VEHICLE,STRAIGHT & LEVEL,DARK-HWY LIGHTED/ON,,,42426.38109,FALSE,7280,Accepted
17554279,0568000,LOUISVILLE METRO POLICE DEPT,Accepted,JEFFERSON,US0031W,,DIXIE,HWY,,KY0907,VALLEY STATION,,,,,38.1076457,-85.866716,8.634,2/22/2016,1805,2,1,0,1,CLEAR,DRY,FALSE,COLLISION WITH PEDESTRIAN IN INTERSECTION,SINGLE VEHICLE,STRAIGHT & LEVEL,DAYLIGHT,,,42423.45341,FALSE,6813,Accepted
17534694,0568000,LOUISVILLE METRO POLICE DEPT,Accepted,JEFFERSON,KY0061,,PRESTON,HWY,,,PHILLIPS,,,,,38.1976539,-85.7316085,8.768,2/21/2016,0415,2,1,0,1,RAINING,WET,TRUE,COLLISION WITH PEDESTRIAN IN INTERSECTION,SINGLE VEHICLE,STRAIGHT & LEVEL,DARK-HWY LIGHTED/ON,,,42422.38081,FALSE,6418,Accepted
17538530,0568000,LOUISVILLE METRO POLICE DEPT,Accepted,JEFFERSON,KY0155,4220,TAYLORSVILLE,RD,,,,,,,,38.2191835,-85.6105312,12.498,2/19/2016,2226,2,1,0,1,CLOUDY,WET,FALSE,COLLISION WITH PEDESTRIAN NON - INTERSECTION,SINGLE VEHICLE,STRAIGHT & LEVEL,DARK-HWY NOT LIGHTED,,,42422.37486,FALSE,6886,Accepted
17536234,0561000,JEFFERSONTOWN POLICE DEPT,Accepted,JEFFERSON,KY0155,,TAYLORSVILLE,RD,,,,,SALSMAN,,STONY BROOK,38.2183528,-85.598295,11.834,2/17/2016,0420,2,1,0,1,CLOUDY,WET,TRUE,COLLISION WITH PEDESTRIAN NON - INTERSECTION,SINGLE VEHICLE,STRAIGHT & LEVEL,DARK-HWY LIGHTED/OFF,,,42418.32701,FALSE,8290,Accepted
17537758,0568000,LOUISVILLE METRO POLICE DEPT,Accepted,JEFFERSON,,,OAK,ST,W,KY1020,3RD,,,,,38.2348683,-85.7586255,0.18,2/17/2016,1331,2,1,0,1,CLOUDY,DRY,FALSE,COLLISION WITH PEDESTRIAN IN INTERSECTION,SINGLE VEHICLE,STRAIGHT & LEVEL,DAYLIGHT,,,42419.41377,FALSE,7291,Accepted
17525979,0568000,LOUISVILLE METRO POLICE DEPT,Accepted,JEFFERSON,,,DUNCAN,ST,,,43RD,,,,,38.2668261,-85.8179232,2.085,2/9/2016,2115,2,1,0,1,SNOWING,WET,FALSE,COLLISION WITH PEDESTRIAN IN INTERSECTION,SINGLE VEHICLE,STRAIGHT & LEVEL,DARK-HWY LIGHTED/ON,,,42410.58185,FALSE,7181,Accepted
17527128,0568000,LOUISVILLE METRO POLICE DEPT,Accepted,JEFFERSON,KY3064,,PORTLAND,AVE,,,26TH,,,,,38.2710689,-85.7899672,0.445,2/8/2016,2005,2,1,0,1,CLOUDY,WET,FALSE,COLLISION WITH PEDESTRIAN IN INTERSECTION,SINGLE VEHICLE,STRAIGHT & LEVEL,DARK (UNKNOWN ROADWAY LIGHTING),,,42409.66907,FALSE,7301,Accepted
17536838,0568000,LOUISVILLE METRO POLICE DEPT,Accepted,JEFFERSON,,,13TH,ST,S,,,,HILL,,BRASHEAR,38.2268842,-85.7769378,1.769,2/8/2016,0718,2,1,0,1,CLOUDY,WET,FALSE,COLLISION WITH PEDESTRIAN NON - INTERSECTION,SINGLE VEHICLE,STRAIGHT & LEVEL,DAWN,,,42419.40875,FALSE,7940,Accepted
17527089,0568000,LOUISVILLE METRO POLICE DEPT,Accepted,JEFFERSON,,2184,EMERSON,AVE,,,,,,,,38.2197135,-85.6801372,0.327,1/31/2016,0608,2,1,1,0,CLOUDY,DRY,TRUE,COLLISION WITH PEDESTRIAN NON - INTERSECTION,SINGLE VEHICLE,STRAIGHT & LEVEL,DARK-HWY NOT LIGHTED,,,42402.45285,FALSE,2239,Accepted
23105986,0568000,LOUISVILLE METRO POLICE DEPT,Accepted,JEFFERSON,,,9TH,ST,S,,,,BRECKINRIDGE,,KENTUCKY,38.2415616,-85.767793,0.37,1/31/2016,2147,1,0,0,1,CLEAR,DRY,FALSE,OTHER ROADWAY OR MID-BLOCK COLLISION,SINGLE VEHICLE,STRAIGHT & LEVEL,DARK-HWY LIGHTED/ON,,,43175.55157,FALSE,7229,Accepted
17508641,0561000,JEFFERSONTOWN POLICE DEPT,Accepted,JEFFERSON,KY0155,,TAYLORSVILLE,RD,,,,,SIX MILE,,NARWOOD,38.2115986,-85.5869127,11.038,1/25/2016,0023,2,1,0,1,CLOUDY,DRY,FALSE,COLLISION WITH PEDESTRIAN NON - INTERSECTION,SINGLE VEHICLE,STRAIGHT & LEVEL,DARK-HWY NOT LIGHTED,,,42394.32757,FALSE,8265,Accepted
17498650,0568000,LOUISVILLE METRO POLICE DEPT,Accepted,JEFFERSON,,,CHAMBERLAIN,LN,,KY1447,WESTPORT,,,,,38.2993652,-85.5417232,2.112,1/25/2016,1946,2,1,0,1,CLOUDY,DRY,FALSE,COLLISION WITH PEDESTRIAN IN INTERSECTION,SINGLE VEHICLE,CURVE & GRADE,DUSK,,,42395.41328,FALSE,7159,Accepted
17488411,0568000,LOUISVILLE METRO POLICE DEPT,Accepted,JEFFERSON,US0031E,,MARKET,ST,E,,,,CLAY,,SHELBY,38.2533448,-85.7395088,17.017,1/12/2016,1811,2,1,0,1,CLEAR,DRY,FALSE,COLLISION WITH PEDESTRIAN NON - INTERSECTION,SINGLE VEHICLE,STRAIGHT & LEVEL,DARK-HWY LIGHTED/ON,,,42382.41464,FALSE,7241,Accepted
17487504,0568000,LOUISVILLE METRO POLICE DEPT,Accepted,JEFFERSON,,,OAK,ST,W,,,,4TH,,GARVIN,38.2350739,-85.7610169,0.311,1/9/2016,1756,2,1,1,0,RAINING,WET,FALSE,COLLISION WITH PEDESTRIAN NON - INTERSECTION,SINGLE VEHICLE,STRAIGHT & LEVEL,DARK-HWY LIGHTED/ON,,,42380.41331,FALSE,7840,Accepted
17497927,0568000,LOUISVILLE METRO POLICE DEPT,Accepted,JEFFERSON,US0031W,10500,DIXIE,HWY,,,,,,,,38.097479,-85.8728268,7.858,1/6/2016,1909,2,1,1,0,CLEAR,DRY,FALSE,COLLISION WITH PEDESTRIAN NON - INTERSECTION,SINGLE VEHICLE,STRAIGHT & LEVEL,DARK-HWY LIGHTED/ON,,,42376.37253,FALSE,6886,Accepted
17498513,0568000,LOUISVILLE METRO POLICE DEPT,Accepted,JEFFERSON,US0031W,,DIXIE,HWY,,,,,ALANADALE,KY0907,VALLEY STATION,38.1085306,-85.866176,8.702,1/1/2016,0250,2,1,0,1,CLEAR,DRY,TRUE,COLLISION WITH PEDESTRIAN NON - INTERSECTION,SINGLE VEHICLE,STRAIGHT & LEVEL,DARK-HWY NOT LIGHTED,,,42373.38123,FALSE,2098,Accepted
17498189,0568000,LOUISVILLE METRO POLICE DEPT,Accepted,JEFFERSON,US0031W,,DIXIE,HWY,,,,,OREGON,,ALLSTON,38.2209401,-85.7934713,17.475,12/31/2015,2133,5,4,0,1,CLEAR,DRY,FALSE,REAR END IN TRAFFIC LANES BOTH VEHICLES MOVING,REAR END,STRAIGHT & LEVEL,DARK-HWY LIGHTED/ON,,,42373.37966,FALSE,7181,Accepted
17517731,0568000,LOUISVILLE METRO POLICE DEPT,Accepted,JEFFERSON,KY2054,1700,ALGONQUIN,PKWY,,,,,,,,38.2238247,-85.8012587,1.162,12/23/2015,1406,2,1,0,1,CLOUDY,DRY,FALSE,COLLISION WITH PEDESTRIAN NON - INTERSECTION,SINGLE VEHICLE,STRAIGHT & LEVEL,DAYLIGHT,,,42366.54115,FALSE,2738,Accepted
17496308,0568000,LOUISVILLE METRO POLICE DEPT,Accepted,JEFFERSON,,,BROADWAY,,W,,26TH,,,,,38.2494395,-85.7949028,0.364,12/22/2015,1926,2,1,0,1,CLEAR,DRY,FALSE,COLLISION WITH PEDESTRIAN IN INTERSECTION,SINGLE VEHICLE,STRAIGHT & LEVEL,DARK-HWY LIGHTED/ON,,,42361.37079,FALSE,7210,Accepted
17498171,0568000,LOUISVILLE METRO POLICE DEPT,Accepted,JEFFERSON,US0031W,,2ND,ST,S,US0031E,MAIN,,,,,38.256224,-85.7534097,22.131,12/20/2015,0027,3,1,0,2,CLEAR,DRY,TRUE,COLLISION WITH PEDESTRIAN IN INTERSECTION,SINGLE VEHICLE,STRAIGHT & LEVEL,DARK-HWY LIGHTED/ON,,,42359.34647,FALSE,7165,Accepted
17486360,0568000,LOUISVILLE METRO POLICE DEPT,Accepted,JEFFERSON,,,TREVILIAN,WAY,,,,,LAKESIDE,US0031E,BARDSTOWN,38.2220332,-85.6857815,0.666,12/17/2015,1523,2,1,0,1,CLEAR,DRY,FALSE,COLLISION WITH PEDESTRIAN NON - INTERSECTION,SINGLE VEHICLE,CURVE & LEVEL,DAYLIGHT,,,42356.33505,FALSE,7153,Accepted
17568216,0568000,LOUISVILLE METRO POLICE DEPT,Accepted,JEFFERSON,,,FEGENBUSH,LN,,,,,NORFOLK,US0031E,BARDSTOWN,38.1865456,-85.6380845,0.049,12/17/2015,1950,3,2,1,0,CLEAR,DRY,FALSE,COLLISION WITH PEDESTRIAN NON - INTERSECTION,ANGLE,STRAIGHT & GRADE,DARK-HWY LIGHTED/OFF,,,42360.33433,TRUE,7840,Accepted
17440314,0568000,LOUISVILLE METRO POLICE DEPT,Accepted,JEFFERSON,US0031E,,BARDSTOWN,RD,,,,,,,,38.2368314,-85.7179279,15.225,12/13/2015,0119,3,1,0,2,CLEAR,DRY,FALSE,COLLISION WITH PEDESTRIAN NON - INTERSECTION,SINGLE VEHICLE,STRAIGHT & LEVEL,DARK-HWY LIGHTED/ON,,,42352.38626,FALSE,7308,Accepted
17420306,0568000,LOUISVILLE METRO POLICE DEPT,Accepted,JEFFERSON,US0042,,BROWNSBORO,RD,,,,,,,,38.2802758,-85.636017,5.783,12/10/2015,1859,2,1,1,0,CLEAR,DRY,FALSE,COLLISION WITH PEDESTRIAN NON - INTERSECTION,SINGLE VEHICLE,STRAIGHT & LEVEL,DARK-HWY LIGHTED/OFF,,,42349.33453,FALSE,6886,Accepted
17523952,0568000,LOUISVILLE METRO POLICE DEPT,Accepted,JEFFERSON,,,GRIFFITHS,AVE,,,25TH,,,,,38.266002,-85.7898224,0.617,12/6/2015,0344,3,2,1,0,CLEAR,DRY,TRUE,COLLISION WITH PEDESTRIAN IN INTERSECTION,REAR END,STRAIGHT & LEVEL,DARK-HWY LIGHTED/OFF,,,42356.32936,FALSE,7764,Accepted
17440239,0568000,LOUISVILLE METRO POLICE DEPT,Accepted,JEFFERSON,I 0071,,I71 S,,,I 0071,I71 S EXIT9A RAMP TO I265 S,,,,,38.314259,-85.5833586,8.993,11/29/2015,0150,6,2,0,5,RAINING,WET,FALSE,ANGLE COLLISION - OTHER,ANGLE,STRAIGHT & LEVEL,DARK-HWY LIGHTED/ON,,,42338.39578,FALSE,2000,Accepted
17443051,0568000,LOUISVILLE METRO POLICE DEPT,Accepted,JEFFERSON,,,SOUTHERN PKWY FRONTAGE,RD,,,,KY1020,SOUTHERN PKY,KY1020,SOUTHERN PKY,38.1828074,-85.7680206,0.046,11/28/2015,0603,2,1,0,1,CLEAR,WET,FALSE,COLLISION WITH PEDESTRIAN NON - INTERSECTION,SINGLE VEHICLE,STRAIGHT & LEVEL,OTHER,,,42338.38869,FALSE,7010,Accepted
17441823,0568000,LOUISVILLE METRO POLICE DEPT,Accepted,JEFFERSON,US0031W,,DIXIE,HWY,,,,,MEYERS,,BONNYVILLE,38.1668233,-85.8294342,13.18,11/24/2015,1808,2,1,0,1,CLOUDY,DRY,FALSE,COLLISION WITH PEDESTRIAN NON - INTERSECTION,SINGLE VEHICLE,STRAIGHT & LEVEL,DARK-HWY NOT LIGHTED,,,42338.37421,FALSE,7840,Accepted
17446829,0568000,LOUISVILLE METRO POLICE DEPT,Accepted,JEFFERSON,KY1931,,MANSLICK,RD,,,ELDERWOOD,,,,,38.1942004,-85.8007155,8.284,11/16/2015,2307,5,3,0,2,CLEAR,WET,FALSE,COLLISION WITH PEDESTRIAN IN INTERSECTION,REAR END,CURVE & LEVEL,DARK-HWY LIGHTED/ON,,,42331.37075,FALSE,7026,Accepted
17429272,0568000,LOUISVILLE METRO POLICE DEPT,Accepted,JEFFERSON,KY1020,,NATIONAL,TPKE,,,SINCLAIR,,,,,38.1218549,-85.7483118,3.338,11/11/2015,0623,2,1,0,1,CLEAR,DRY,FALSE,COLLISION WITH PEDESTRIAN IN INTERSECTION,SINGLE VEHICLE,STRAIGHT & LEVEL,DARK-HWY LIGHTED/ON,,,42319.33701,FALSE,7957,Accepted
17441138,0568000,LOUISVILLE METRO POLICE DEPT,Accepted,JEFFERSON,KY1020,,SOUTHSIDE,DR,,,,,TENNY,,AMHERST,38.1755939,-85.764913,7.283,11/9/2015,1831,2,1,1,0,RAINING,WET,FALSE,COLLISION WITH PEDESTRIAN NON - INTERSECTION,SINGLE VEHICLE,STRAIGHT & LEVEL,DARK-HWY LIGHTED/ON,,,42338.36986,FALSE,2217,Accepted
17541867,0568000,LOUISVILLE METRO POLICE DEPT,Accepted,JEFFERSON,KY1727,,TERRY,RD,,,WESTSHIRE,,,,,38.1342938,-85.8736858,0.866,11/5/2015,1932,2,1,1,0,CLOUDY,DRY,FALSE,COLLISION WITH PEDESTRIAN IN INTERSECTION,SINGLE VEHICLE,STRAIGHT & LEVEL,DARK-HWY NOT LIGHTED,,,42317.37063,FALSE,6886,Accepted
17447372,0568000,LOUISVILLE METRO POLICE DEPT,Accepted,JEFFERSON,,,LIBERTY,ST,E,,,,,,,38.2520993,-85.7482502,0.216,11/4/2015,0604,2,1,0,1,CLEAR,DRY,FALSE,COLLISION WITH PEDESTRIAN NON - INTERSECTION,SINGLE VEHICLE,CURVE & LEVEL,DARK-HWY NOT LIGHTED,,,42317.36765,FALSE,2400,Accepted
17487053,0568000,LOUISVILLE METRO POLICE DEPT,Accepted,JEFFERSON,,,GARLAND,AVE,,,28TH,,,,,38.2449708,-85.7991258,1.722,11/2/2015,1917,3,2,0,1,CLEAR,DRY,TRUE,COLLISION WITH PEDESTRIAN IN INTERSECTION,HEAD ON,STRAIGHT & LEVEL,DARK-HWY LIGHTED/ON,,,42311.33256,FALSE,7201,Accepted
17447367,0568000,LOUISVILLE METRO POLICE DEPT,Accepted,JEFFERSON,US0042,,BROWNSBORO,RD,,,CLIFTON,,,,,38.2588134,-85.704639,1.685,11/2/2015,1630,2,1,0,1,CLEAR,DRY,FALSE,COLLISION WITH PEDESTRIAN IN INTERSECTION,SINGLE VEHICLE,STRAIGHT & LEVEL,DAYLIGHT,,,42317.36707,FALSE,7985,Accepted
17424600,0568000,LOUISVILLE METRO POLICE DEPT,Accepted,JEFFERSON,KY1447,,WESTPORT,RD,,,MURPHY,,,,,38.301206,-85.5354967,7.393,10/22/2015,0307,2,1,0,1,CLEAR,DRY,FALSE,COLLISION WITH PEDESTRIAN IN INTERSECTION,SINGLE VEHICLE,STRAIGHT & LEVEL,DARK-HWY LIGHTED/OFF,,,42299.37252,FALSE,7300,Accepted
17451502,0568000,LOUISVILLE METRO POLICE DEPT,Accepted,JEFFERSON,,,KENTUCKY,ST,E,,SCHILLER,,,,,38.2354098,-85.7316809,1.282,10/20/2015,0944,2,1,0,1,CLEAR,DRY,FALSE,COLLISION WITH PEDESTRIAN IN INTERSECTION,SINGLE VEHICLE,CURVE & LEVEL,DAYLIGHT,,,42298.33097,FALSE,7922,Accepted
17457250,0568000,LOUISVILLE METRO POLICE DEPT,Accepted,JEFFERSON,,,STILZ,AVE,,US0060,FRANKFORT,,,,,38.2546106,-85.6854087,0,10/20/2015,1529,2,1,0,1,CLEAR,DRY,FALSE,COLLISION WITH PEDESTRIAN IN INTERSECTION,SINGLE VEHICLE,STRAIGHT & HILLCREST,DAYLIGHT,,,42307.3667,FALSE,2597,Accepted
17457247,0568000,LOUISVILLE METRO POLICE DEPT,Accepted,JEFFERSON,,1203,12TH,ST,S,,,,,,,38.2282537,-85.7750193,,10/18/2015,0152,18,1,0,19,CLEAR,DRY,TRUE,COLLISION IN PARKING LOT,SINGLE VEHICLE,STRAIGHT & LEVEL,DARK-HWY LIGHTED/ON,,,42296.38503,FALSE,7024,Accepted
17422217,0568000,LOUISVILLE METRO POLICE DEPT,Accepted,JEFFERSON,US0031E,5300,BARDSTOWN,RD,,,,,,,,38.1679189,-85.6035626,7.134,10/9/2015,2052,2,1,1,0,CLEAR,DRY,TRUE,COLLISION WITH PEDESTRIAN NON - INTERSECTION,SINGLE VEHICLE,STRAIGHT & LEVEL,DARK-HWY NOT LIGHTED,,,42290.32984,FALSE,2239,Accepted
17460449,0568000,LOUISVILLE METRO POLICE DEPT,Accepted,JEFFERSON,,,11TH,ST,S,US0150,BROADWAY,,,,,38.247358,-85.7699524,0.746,10/8/2015,0646,2,1,0,1,CLEAR,DRY,FALSE,COLLISION WITH PEDESTRIAN IN INTERSECTION,SINGLE VEHICLE,STRAIGHT & LEVEL,DARK-HWY LIGHTED/ON,,,42286.36691,FALSE,7165,Accepted
17462553,0568000,LOUISVILLE METRO POLICE DEPT,Accepted,JEFFERSON,US0150,,BROADWAY,,W,US0031W,DR W J HODGE,,,,,38.2492424,-85.7865666,0.823,9/26/2015,1112,4,3,0,4,CLOUDY,DRY,FALSE,ANGLE COLLISION - BOTH VEHICLES GOING STRAIGHT,ANGLE,STRAIGHT & LEVEL,DAYLIGHT,,,42275.39881,TRUE,7694,Accepted
17455807,0560400,SHIVELY POLICE DEPARTMENT,Accepted,JEFFERSON,US0031W,,DIXIE,HWY,,,GARRS,,,,,38.1891297,-85.8101542,15.086,9/25/2015,2316,6,5,0,1,CLOUDY,DRY,FALSE,COLLISION WITH PEDESTRIAN IN INTERSECTION,SIDESWIPE-SAME DIRECTION,STRAIGHT & LEVEL,DARK-HWY LIGHTED/ON,,,42278.53308,TRUE,7026,Accepted
17462513,0568000,LOUISVILLE METRO POLICE DEPT,Accepted,JEFFERSON,KY1934,,GREENBELT,HWY,,KY1931,GREENWOOD,,,,,38.1469287,-85.8863423,4.444,9/25/2015,0101,3,2,0,2,CLEAR,DRY,FALSE,OPPOSITE DIRECTION - BOTH VEHICLES GOING STRAIGHT AHEAD,SIDESWIPE-OPPOSITE DIRECTION,STRAIGHT & LEVEL,DARK-HWY LIGHTED/ON,,,42275.38839,FALSE,6886,Accepted
17455153,0568000,LOUISVILLE METRO POLICE DEPT,Accepted,JEFFERSON,,,SYCAMORE,AVE,,,,,,,,38.2556671,-85.7052452,,9/23/2015,1628,2,1,0,1,CLEAR,DRY,FALSE,COLLISION IN PARKING LOT,SINGLE VEHICLE,STRAIGHT & LEVEL,DAYLIGHT,,,42282.49582,FALSE,7985,Accepted
17434199,0568000,LOUISVILLE METRO POLICE DEPT,Accepted,JEFFERSON,,3402,BROADWAY,,W,,,,,,,38.2499061,-85.8084832,1.105,9/23/2015,1450,2,1,0,1,CLEAR,DRY,FALSE,COLLISION WITH PEDESTRIAN NON - INTERSECTION,SINGLE VEHICLE,STRAIGHT & LEVEL,DAYLIGHT,,,42272.33016,FALSE,7507,Accepted
17424512,0568000,LOUISVILLE METRO POLICE DEPT,Accepted,JEFFERSON,KY1020,,NATIONAL,TPKE,,,,,,,,38.1218197,-85.7483301,3.335,9/19/2015,2153,2,1,0,1,CLEAR,DRY,FALSE,COLLISION WITH PEDESTRIAN NON - INTERSECTION,SINGLE VEHICLE,STRAIGHT & LEVEL,DARK-HWY LIGHTED/ON,,,42268.37955,FALSE,7136,Accepted
17425964,0568000,LOUISVILLE METRO POLICE DEPT,Accepted,JEFFERSON,KY1703,,NEWBURG,RD,,,,,BASHFORD MANOR,,SWAINSBORO,38.1959726,-85.6799346,1.608,9/18/2015,2057,2,1,0,1,CLEAR,DRY,FALSE,COLLISION WITH PEDESTRIAN NON - INTERSECTION,SINGLE VEHICLE,STRAIGHT & GRADE,DARK-HWY LIGHTED/OFF,,,42277.36661,FALSE,6423,Accepted
17461668,0568000,LOUISVILLE METRO POLICE DEPT,Accepted,JEFFERSON,,,DUMESNIL,ST,,,28TH,,,,,38.2368141,-85.8004429,1.08,9/17/2015,0642,2,1,0,1,CLEAR,DRY,FALSE,COLLISION WITH PEDESTRIAN IN INTERSECTION,SINGLE VEHICLE,STRAIGHT & LEVEL,DAWN,,,42271.32738,FALSE,2239,Accepted
17421049,0561000,JEFFERSONTOWN POLICE DEPT,Accepted,JEFFERSON,KY0155,,TAYLORSVILLE,RD,,,AXMINSTER,,,,,38.2143292,-85.589336,11.268,9/10/2015,1915,2,1,0,1,CLEAR,DRY,FALSE,COLLISION WITH PEDESTRIAN IN INTERSECTION,SINGLE VEHICLE,STRAIGHT & LEVEL,DUSK,,,42258.32681,FALSE,8261,Accepted
17459573,0568000,LOUISVILLE METRO POLICE DEPT,Accepted,JEFFERSON,,,ALANADALE,DR,,,,,PONDER,,DONERAIL,38.110864,-85.8694546,0.235,9/6/2015,0313,3,1,1,1,CLEAR,DRY,TRUE,OTHER ROADWAY OR MID-BLOCK COLLISION,SINGLE VEHICLE,STRAIGHT & LEVEL,DARK-HWY LIGHTED/ON,,,42262.32735,FALSE,7578,Accepted
17461025,0568000,LOUISVILLE METRO POLICE DEPT,Accepted,JEFFERSON,KY0061,,PRESTON,HWY,,,,,FOREST,,WANNSEE,38.159619,-85.6985327,5.567,9/5/2015,0429,2,1,0,1,CLEAR,DRY,TRUE,COLLISION WITH PEDESTRIAN NON - INTERSECTION,SINGLE VEHICLE,STRAIGHT & LEVEL,DARK-HWY LIGHTED/ON,,,42255.41588,FALSE,7298,Accepted
14790113,0568000,LOUISVILLE METRO POLICE DEPT,Accepted,JEFFERSON,US0060,,SHELBYVILLE,RD,,,MOSER,,,,,38.2450474,-85.5592084,8.825,8/15/2015,2327,2,1,0,1,CLEAR,DRY,FALSE,COLLISION WITH PEDESTRIAN IN INTERSECTION,SINGLE VEHICLE,STRAIGHT & LEVEL,DARK-HWY LIGHTED/ON,,,42233.38332,FALSE,7142,Accepted
14500392,0568000,LOUISVILLE METRO POLICE DEPT,Accepted,JEFFERSON,I 0264,,I264 W,,,,,I 0264,I264 W EXIT17A ON RAMP FROM KY155,I 0264,I264 W EXIT16 OFF RAMP TO US31E,38.2179347,-85.6587125,16.497,8/1/2015,0201,3,2,0,1,CLEAR,DRY,FALSE,REAR END ON SHOULDER,REAR END,STRAIGHT & GRADE,DARK-HWY LIGHTED/ON,,,42219.37387,FALSE,7180,Accepted
14786614,0568000,LOUISVILLE METRO POLICE DEPT,Accepted,JEFFERSON,,,MAYNARD,AVE,,,,KY1450,BLUE LICK,,CAVEN,38.1110869,-85.6882344,0.112,7/30/2015,2206,3,1,0,2,CLEAR,DRY,TRUE,COLLISION WITH PEDESTRIAN NON - INTERSECTION,SINGLE VEHICLE,STRAIGHT & LEVEL,DARK-HWY LIGHTED/ON,,,42216.37014,FALSE,7099,Accepted
14667434,0568000,LOUISVILLE METRO POLICE DEPT,Accepted,JEFFERSON,,13303,HORNCASTLE,WAY,,,,,,,,38.064461,-85.8895386,0.023,7/24/2015,2112,2,1,0,1,CLEAR,DRY,FALSE,COLLISION WITH PEDESTRIAN NON - INTERSECTION,SINGLE VEHICLE,STRAIGHT & GRADE,DUSK,,,42214.45041,FALSE,6886,Accepted
14584266,0568000,LOUISVILLE METRO POLICE DEPT,Accepted,JEFFERSON,,,4TH,ST,S,,,,YORK,,BRECKINRIDGE,38.2441337,-85.7587236,0.869,7/20/2015,1652,2,1,0,1,CLEAR,DRY,FALSE,COLLISION WITH PEDESTRIAN NON - INTERSECTION,SINGLE VEHICLE,STRAIGHT & LEVEL,DAYLIGHT,,,42206.36841,FALSE,7207,Accepted
14780550,0568000,LOUISVILLE METRO POLICE DEPT,Accepted,JEFFERSON,KY1934,,CANE RUN,RD,,,,,SHANKS,,RICHMONT,38.196031,-85.8416387,8.851,7/10/2015,2305,2,1,0,1,CLOUDY,DRY,TRUE,COLLISION WITH PEDESTRIAN NON - INTERSECTION,SINGLE VEHICLE,STRAIGHT & LEVEL,DARK-HWY NOT LIGHTED,,,42198.37341,FALSE,7184,Accepted
14554263,0568000,LOUISVILLE METRO POLICE DEPT,Accepted,JEFFERSON,US0031E,,BARDSTOWN,RD,,,COLONEL HANCOCK,,,,,38.1304383,-85.5773684,4.088,7/7/2015,2126,2,1,1,0,RAINING,WET,FALSE,COLLISION WITH PEDESTRIAN IN INTERSECTION,SINGLE VEHICLE,STRAIGHT & LEVEL,DARK-HWY NOT LIGHTED,,,42194.32858,FALSE,7840,Accepted
14516277,0568000,LOUISVILLE METRO POLICE DEPT,Accepted,JEFFERSON,US0031E,,MARKET,ST,E,KY0061,JACKSON,,,,,38.2538557,-85.7441483,17.269,7/3/2015,1707,2,1,0,1,CLEAR,DRY,FALSE,COLLISION WITH PEDESTRIAN IN INTERSECTION,SINGLE VEHICLE,STRAIGHT & LEVEL,DAYLIGHT,,,42191.37169,FALSE,7047,Accepted