IncidentId,AgencyORI,AgencyName,IncidentStatusDesc,County,RdwyNumber,Street,RoadwayName,StreetSfx,StreetDir,IntersectionRdwy,IntersectionRdwyName,BetweenStRdwy1,BetweenStRdwyName1,BetweenStRdwy2,BetweenStRdwyName2,Latitude,Longitude,Milepoint,CollisionDate,CollisionTime,UnitsInvolved,MotorVehiclesInvolved,NumberKilled,NumberInjured,Weather,RdwyConditionCode,HitandRun,DirAnalysisCode,MannerofCollision,RdwyCharacter,LightCondition,RampFromRdwyId,RampToRdwyId,AcceptedDate,IsSecondaryCollision,OwnerBadge,IncidentStatus
14556338,0560400,SHIVELY POLICE DEPARTMENT,Accepted,JEFFERSON,US0031W,,DIXIE,HWY,,,,,PARK,,LEROY,38.1947341,-85.8062854,15.567,7/1/2015,2217,2,1,0,1,CLEAR,DRY,TRUE,COLLISION WITH PEDESTRIAN NON - INTERSECTION,SINGLE VEHICLE,STRAIGHT & LEVEL,DARK-HWY LIGHTED/ON,,,42201.86502,FALSE,7109,Accepted
17421112,0568000,LOUISVILLE METRO POLICE DEPT,Accepted,JEFFERSON,,2500,BROADWAY,,W,,,,,,,38.2494325,-85.7945676,0.346,6/27/2015,2231,2,1,1,0,CLEAR,DRY,TRUE,COLLISION WITH PEDESTRIAN NON - INTERSECTION,SINGLE VEHICLE,STRAIGHT & LEVEL,DARK-HWY LIGHTED/ON,,,42185.32903,FALSE,6886,Accepted
14435394,0568000,LOUISVILLE METRO POLICE DEPT,Accepted,JEFFERSON,,,CHENOWETH RUN,RD,,,,KY0155,TAYLORSVILLE,,SARATOGA HILL,38.1863789,-85.5523064,0.968,6/10/2015,1454,2,1,0,1,CLEAR,DRY,FALSE,COLLISION WITH PEDESTRIAN NON - INTERSECTION,SINGLE VEHICLE,STRAIGHT & LEVEL,DAYLIGHT,,,42166.36905,FALSE,2017,Accepted
14432208,0568000,LOUISVILLE METRO POLICE DEPT,Accepted,JEFFERSON,,,BROADWAY,,W,,24TH,,,,,38.2493247,-85.7914985,0.179,5/27/2015,2321,2,1,0,1,CLEAR,DRY,FALSE,COLLISION WITH PEDESTRIAN IN INTERSECTION,SINGLE VEHICLE,STRAIGHT & LEVEL,DARK-HWY LIGHTED/ON,,,42153.36843,FALSE,7038,Accepted
14390401,0568000,LOUISVILLE METRO POLICE DEPT,Accepted,JEFFERSON,,200,41ST,ST,S,,,,,,,38.2627195,-85.8160878,1.902,5/18/2015,0230,2,1,0,1,CLEAR,DRY,TRUE,COLLISION WITH PEDESTRIAN NON - INTERSECTION,SINGLE VEHICLE,STRAIGHT & LEVEL,DARK-HWY LIGHTED/ON,,,42143.41074,FALSE,2877,Accepted
14376065,0568000,LOUISVILLE METRO POLICE DEPT,Accepted,JEFFERSON,,5244,DIXIE,HWY,,,,,,,,38.1649694,-85.8303794,,5/8/2015,1511,2,1,0,1,CLEAR,DRY,FALSE,COLLISION IN PARKING LOT,SINGLE VEHICLE,STRAIGHT & LEVEL,DAYLIGHT,,,42135.37126,FALSE,6813,Accepted
14392604,0568000,LOUISVILLE METRO POLICE DEPT,Accepted,JEFFERSON,,,W  GAULBERT,AVE,W,,CATALPA,,,,,38.2244253,-85.7596539,0,4/29/2015,0829,2,1,1,0,CLOUDY,DRY,FALSE,COLLISION WITH PEDESTRIAN IN INTERSECTION,SINGLE VEHICLE,STRAIGHT & LEVEL,DAYLIGHT,,,42130.32698,FALSE,2533,Accepted
14392162,0568000,LOUISVILLE METRO POLICE DEPT,Accepted,JEFFERSON,I 0065,,I65 N,,,,,,,,,38.1371353,-85.7067455,126.738,4/23/2015,2247,4,3,1,0,CLEAR,DRY,TRUE,COLLISION WITH PEDESTRIAN NON - INTERSECTION,HEAD ON,STRAIGHT & LEVEL,DARK-HWY LIGHTED/ON,,,42122.40807,FALSE,6886,Accepted
17455141,0568000,LOUISVILLE METRO POLICE DEPT,Accepted,JEFFERSON,,,RIVER,RD,,,,,WITHERSPOON,,ADAMS,38.2631209,-85.7315583,0.889,4/21/2015,0019,2,1,1,0,CLOUDY,DRY,FALSE,COLLISION WITH PEDESTRIAN NON - INTERSECTION,SINGLE VEHICLE,STRAIGHT & LEVEL,DARK-HWY NOT LIGHTED,,,42121.40936,FALSE,7840,Accepted
14439241,0568000,LOUISVILLE METRO POLICE DEPT,Accepted,JEFFERSON,KY0061,7900,PRESTON,HWY,,,,,,,,38.1379648,-85.6866871,3.926,4/18/2015,0341,2,1,0,1,CLEAR,DRY,TRUE,COLLISION WITH PEDESTRIAN NON - INTERSECTION,SINGLE VEHICLE,STRAIGHT & LEVEL,DARK-HWY LIGHTED/ON,,,42114.37394,FALSE,2239,Accepted
14411824,0568000,LOUISVILLE METRO POLICE DEPT,Accepted,JEFFERSON,,,IVYWOOD,PL,,,,,CYPRESS COVE,,MISTY WOODS,38.1862552,-85.6510897,0.046,4/4/2015,2006,2,1,1,0,CLEAR,DRY,FALSE,COLLISION WITH PEDESTRIAN NON - INTERSECTION,SINGLE VEHICLE,STRAIGHT & LEVEL,DARK-HWY LIGHTED/ON,,,42108.32778,FALSE,7764,Accepted
14352182,0568000,LOUISVILLE METRO POLICE DEPT,Accepted,JEFFERSON,,,KLONDIKE,LN,,,MID DALE,,,,,38.2093882,-85.6390759,0.834,3/31/2015,0620,2,1,0,1,CLEAR,DRY,FALSE,COLLISION WITH PEDESTRIAN IN INTERSECTION,SINGLE VEHICLE,STRAIGHT & LEVEL,DARK-HWY LIGHTED/ON,,,42094.37089,FALSE,7770,Accepted
14391800,0568000,LOUISVILLE METRO POLICE DEPT,Accepted,JEFFERSON,US0031E,,BUECHEL,BYP,,,,,,,,38.1907295,-85.6461664,9.974,3/26/2015,2151,2,1,1,0,CLOUDY,WET,FALSE,COLLISION WITH PEDESTRIAN NON - INTERSECTION,SINGLE VEHICLE,STRAIGHT & LEVEL,DARK-HWY NOT LIGHTED,,,42090.331,FALSE,7840,Accepted
14445036,0568000,LOUISVILLE METRO POLICE DEPT,Accepted,JEFFERSON,,,BARDSTOWN,RD,,,,,TYLER,,GARDINER,38.20166667,-85.53666667,,3/19/2015,1805,2,1,0,1,RAINING,WET,FALSE,COLLISION IN PARKING LOT,ANGLE,STRAIGHT & LEVEL,DAYLIGHT,,,42093.38299,FALSE,2029,Accepted
14373532,0568000,LOUISVILLE METRO POLICE DEPT,Accepted,JEFFERSON,,,RIVER DELL,DR,,,,,RIVER OAKS,,RIVER BEND,38.2686488,-85.6992622,0.275,3/8/2015,1600,2,1,0,1,CLEAR,WET,FALSE,COLLISION WITH PEDESTRIAN NON - INTERSECTION,SINGLE VEHICLE,STRAIGHT & LEVEL,DAYLIGHT,,,42075.33109,FALSE,7985,Accepted
14368773,0568000,LOUISVILLE METRO POLICE DEPT,Accepted,JEFFERSON,,4403,FEGENBUSH,LN,,,,,,,,38.1855418,-85.638176,0.118,3/6/2015,1942,2,1,1,0,CLEAR,DRY,TRUE,COLLISION WITH PEDESTRIAN NON - INTERSECTION,SINGLE VEHICLE,STRAIGHT & LEVEL,DARK-HWY LIGHTED/ON,,,42079.40895,FALSE,2087,Accepted
14370401,0568000,LOUISVILLE METRO POLICE DEPT,Accepted,JEFFERSON,,,MUHAMMAD ALI,BLVD,W,,8TH,,,,,38.2518843,-85.7641303,0.637,3/4/2015,1648,2,1,0,1,BLOWING SAND/SOIL/DIRT/SNOW,SNOW/SLUSH,FALSE,COLLISION WITH PEDESTRIAN IN INTERSECTION,SINGLE VEHICLE,STRAIGHT & LEVEL,DUSK,,,42069.33123,FALSE,7165,Accepted
3447172,0568000,LOUISVILLE METRO POLICE DEPT,Accepted,JEFFERSON,KY1447,,WESTPORT,RD,,,SPRINGHURST,,,,,38.2937761,-85.5592088,6.031,3/2/2015,1920,2,1,1,0,CLEAR,DRY,FALSE,COLLISION WITH PEDESTRIAN IN INTERSECTION,SINGLE VEHICLE,STRAIGHT & LEVEL,DARK-HWY LIGHTED/ON,,,42066.58743,FALSE,7578,Accepted
3434353,0568000,LOUISVILLE METRO POLICE DEPT,Accepted,JEFFERSON,KY0061,,PRESTON,HWY,,KY2053,MOUNT WASHINGTON,,,,,38.0928453,-85.6690538,0.648,2/28/2015,0053,2,1,0,1,CLEAR,DRY,TRUE,COLLISION WITH PEDESTRIAN IN INTERSECTION,SINGLE VEHICLE,STRAIGHT & GRADE,DARK-HWY NOT LIGHTED,,,42065.45968,FALSE,7087,Accepted
3427336,0568000,LOUISVILLE METRO POLICE DEPT,Accepted,JEFFERSON,,,ALGONQUIN,PKWY,,,7TH,,,,,38.20166667,-85.53666667,,2/27/2015,2235,2,1,0,1,CLEAR,DRY,FALSE,COLLISION WITH PEDESTRIAN IN INTERSECTION,SINGLE VEHICLE,STRAIGHT & LEVEL,DARK-HWY LIGHTED/ON,,,42066.58934,FALSE,7197,Accepted
3522637,0568000,LOUISVILLE METRO POLICE DEPT,Accepted,JEFFERSON,,105,TEX,AVE,,,,,,,,38.1165001,-85.7645065,0.026,2/23/2015,1808,2,1,0,1,CLEAR,SNOW/SLUSH,TRUE,COLLISION WITH PEDESTRIAN NON - INTERSECTION,SINGLE VEHICLE,STRAIGHT & GRADE,DAYLIGHT,,,42060.33073,FALSE,7226,Accepted
3483944,0568000,LOUISVILLE METRO POLICE DEPT,Accepted,JEFFERSON,,,WASHINGTON,ST,E,,,,,,,38.2564294,-85.7298392,0.978,2/8/2015,0246,3,1,0,2,CLEAR,DRY,TRUE,COLLISION WITH PEDESTRIAN NON - INTERSECTION,SINGLE VEHICLE,STRAIGHT & LEVEL,DARK-HWY LIGHTED/ON,,,42046.36595,FALSE,7626,Accepted
14377181,0568000,LOUISVILLE METRO POLICE DEPT,Accepted,JEFFERSON,KY1934,,CANE RUN,RD,,KY2049,CRUMS,,,,,38.1992708,-85.8373442,9.182,2/7/2015,2031,2,1,1,0,CLEAR,DRY,FALSE,COLLISION WITH PEDESTRIAN IN INTERSECTION,SINGLE VEHICLE,STRAIGHT & LEVEL,DARK-HWY LIGHTED/ON,,,42045.50859,FALSE,6886,Accepted
14379396,0568000,LOUISVILLE METRO POLICE DEPT,Accepted,JEFFERSON,,,VANDRE,AVE,,,SHERRY LYNN,,,,,38.1354648,-85.6365572,0.307,1/29/2015,0725,2,1,0,1,RAINING,WET,FALSE,COLLISION WITH PEDESTRIAN IN INTERSECTION,SINGLE VEHICLE,STRAIGHT & LEVEL,DARK-HWY NOT LIGHTED,,,42045.49241,FALSE,7106,Accepted
3497051,0568000,LOUISVILLE METRO POLICE DEPT,Accepted,JEFFERSON,KY2251,,BARDSTOWN,RD,,,,,GERALD,,HIKES,38.19978333,-85.66126667,1.122,1/26/2015,1139,4,3,0,1,CLOUDY,DRY,FALSE,1 VEHICLE ENTERING/LEAVING ENTRANCE,ANGLE,STRAIGHT & LEVEL,DAYLIGHT,,,42031.40922,FALSE,2087,Accepted
3436570,0568000,LOUISVILLE METRO POLICE DEPT,Accepted,JEFFERSON,KY1230,,CANE RUN,RD,,,,,JOHNSONTOWN,,FORTUNE,38.1212525,-85.8967931,3,1/23/2015,1818,2,1,0,1,SNOWING,SNOW/SLUSH,FALSE,COLLISION WITH PEDESTRIAN NON - INTERSECTION,SINGLE VEHICLE,STRAIGHT & LEVEL,DARK-HWY LIGHTED/ON,,,42030.41164,FALSE,7766,Accepted
14297566,0568000,LOUISVILLE METRO POLICE DEPT,Accepted,JEFFERSON,KY1020,,2ND,ST,S,,JEFFERSON,,,,,38.2534886,-85.753836,12.627,1/23/2015,2036,3,2,1,0,CLOUDY,WET,TRUE,COLLISION WITH PEDESTRIAN IN INTERSECTION,HEAD ON,STRAIGHT & LEVEL,DARK-HWY NOT LIGHTED,,,42032.41,FALSE,6886,Accepted
3543571,0568000,LOUISVILLE METRO POLICE DEPT,Accepted,JEFFERSON,,,LOWER HUNTERS,TRCE,,,SKY BLUE,,,,,38.1586661,-85.849396,0.837,1/21/2015,2235,3,1,0,1,CLEAR,DRY,FALSE,COLLISION WITH PEDESTRIAN IN INTERSECTION,SINGLE VEHICLE,STRAIGHT & LEVEL,DARK-HWY LIGHTED/ON,,,42026.36875,FALSE,7050,Accepted
3483613,0568000,LOUISVILLE METRO POLICE DEPT,Accepted,JEFFERSON,KY0146,,LA GRANGE,RD,,,FACTORY,,,,,38.2894279,-85.5122479,7.555,1/19/2015,1827,2,1,0,1,CLEAR,DRY,FALSE,COLLISION WITH FIXED OBJECT IN INTERSECTION - FIRST EVENT COLLISION 09 - 32,SINGLE VEHICLE,STRAIGHT & LEVEL,DARK-HWY LIGHTED/ON,,,42024.36856,TRUE,2815,Accepted
14253069,0568000,LOUISVILLE METRO POLICE DEPT,Accepted,JEFFERSON,,,11TH,ST,S,,12TH,,,,,38.2260144,-85.7744936,1.891,1/18/2015,0943,2,1,0,1,CLEAR,DRY,TRUE,COLLISION WITH PEDESTRIAN IN INTERSECTION,SINGLE VEHICLE,CURVE & LEVEL,DAYLIGHT,,,42032.65892,FALSE,2530,Accepted
14366448,0568000,LOUISVILLE METRO POLICE DEPT,Accepted,JEFFERSON,US0031E,,BARDSTOWN,RD,,,,,BONNYCASTLE,,ALTA,38.2309042,-85.7053745,14.412,1/14/2015,1039,2,1,0,1,CLOUDY,DRY,TRUE,COLLISION WITH PEDESTRIAN NON - INTERSECTION,SINGLE VEHICLE,CURVE & LEVEL,DAYLIGHT,,,42018.61579,FALSE,2230,Accepted
3436074,0568000,LOUISVILLE METRO POLICE DEPT,Accepted,JEFFERSON,,,HILL,ST,W,,,,4TH,KY1020,3RD,38.2259493,-85.7617232,0.263,1/14/2015,2129,2,1,0,1,CLEAR,DRY,FALSE,COLLISION WITH PEDESTRIAN NON - INTERSECTION,SINGLE VEHICLE,STRAIGHT & LEVEL,DARK-HWY LIGHTED/ON,,,42019.36873,FALSE,7946,Accepted
14367311,0568000,LOUISVILLE METRO POLICE DEPT,Accepted,JEFFERSON,KY1865,,NEW CUT,RD,,KY0907,SOUTHSIDE,,,,,38.145956,-85.775245,2.677,1/8/2015,0628,2,1,0,1,CLEAR,DRY,FALSE,COLLISION WITH PEDESTRIAN IN INTERSECTION,SINGLE VEHICLE,STRAIGHT & LEVEL,DARK-HWY LIGHTED/ON,,,42013.36782,FALSE,7174,Accepted
14097753,0568000,LOUISVILLE METRO POLICE DEPT,Accepted,JEFFERSON,US0031W,,MARKET,ST,W,KY1020,3RD,,,,,38.2550474,-85.7551198,21.944,1/5/2015,1758,2,1,0,1,CLEAR,DRY,FALSE,COLLISION WITH PEDESTRIAN IN INTERSECTION,SINGLE VEHICLE,STRAIGHT & LEVEL,DUSK,,,42010.41053,FALSE,7165,Accepted
14296653,0568000,LOUISVILLE METRO POLICE DEPT,Accepted,JEFFERSON,US0031W,,DIXIE,HWY,,,PENDLETON,,,,,38.0622941,-85.8866393,5.298,12/30/2014,1525,3,1,0,2,CLEAR,DRY,FALSE,COLLISION WITH PEDESTRIAN IN INTERSECTION,SINGLE VEHICLE,STRAIGHT & LEVEL,DAYLIGHT,,,42004.40873,FALSE,6141,Accepted
3506942,0560400,SHIVELY POLICE DEPARTMENT,Accepted,JEFFERSON,US0031W,,DIXIE,HWY,,,NOBEL,,,,,38.1972216,-85.804668,15.736,12/25/2014,2205,2,1,1,0,CLEAR,DRY,FALSE,COLLISION WITH PEDESTRIAN IN INTERSECTION,SINGLE VEHICLE,STRAIGHT & LEVEL,DARK-HWY LIGHTED/ON,,,42003.90675,FALSE,7103,Accepted
3409855,0568000,LOUISVILLE METRO POLICE DEPT,Accepted,JEFFERSON,US0060,,SHELBYVILLE,RD,,,,,MIDDLETOWN PARK,,MIDDLETOWN PARK,38.2474956,-85.5287149,10.566,12/23/2014,2038,2,1,0,1,RAINING,WET,FALSE,COLLISION WITH PEDESTRIAN NON - INTERSECTION,SINGLE VEHICLE,STRAIGHT & LEVEL,DARK-HWY NOT LIGHTED,,,41997.45521,FALSE,7661,Accepted
3565245,0568000,LOUISVILLE METRO POLICE DEPT,Accepted,JEFFERSON,,,MURPHY,LN,,KY1447,WESTPORT,,,,,38.3021029,-85.5326074,0.005,12/23/2014,1955,2,1,0,1,RAINING,WET,TRUE,COLLISION WITH PEDESTRIAN IN INTERSECTION,SINGLE VEHICLE,STRAIGHT & LEVEL,DARK-HWY LIGHTED/ON,,,41997.45485,FALSE,7905,Accepted
3563724,0568000,LOUISVILLE METRO POLICE DEPT,Accepted,JEFFERSON,,,FEGENBUSH,LN,,,,,BANNON CROSSINGS,,JETT THOMAS,38.1752398,-85.6390418,0.828,12/20/2014,1846,2,1,1,0,CLOUDY,DRY,FALSE,COLLISION WITH PEDESTRIAN NON - INTERSECTION,SINGLE VEHICLE,STRAIGHT & LEVEL,DARK-HWY LIGHTED/OFF,,,41999.36633,FALSE,2239,Accepted
3504445,0568000,LOUISVILLE METRO POLICE DEPT,Accepted,JEFFERSON,US0031E,,BARDSTOWN,RD,,,,,WATTERSON,,CREWS,38.1802592,-85.6250773,8.581,12/20/2014,1601,2,1,1,1,CLOUDY,DRY,FALSE,COLLISION WITH FIXED OBJECT NON - INTERSECTION - FIRST EVENT COLLISION 09 - 32 EXCLUDING 16,SINGLE VEHICLE,STRAIGHT & LEVEL,DAYLIGHT,,,41996.65836,FALSE,6100,Accepted
3568129,0568000,LOUISVILLE METRO POLICE DEPT,Accepted,JEFFERSON,US0031W,,DIXIE,HWY,,KY0907,VALLEY STATION,,,,,38.1076457,-85.8667174,8.634,12/17/2014,0712,2,1,0,1,CLOUDY,DRY,FALSE,COLLISION WITH PEDESTRIAN IN INTERSECTION,SINGLE VEHICLE,STRAIGHT & LEVEL,DARK-HWY NOT LIGHTED,,,41990.40713,FALSE,6010,Accepted
3554193,0568000,LOUISVILLE METRO POLICE DEPT,Accepted,JEFFERSON,,,12TH,ST,S,US0150,BROADWAY,,,,,38.2470869,-85.7717746,0.413,12/11/2014,1131,3,1,1,1,CLEAR,DRY,FALSE,COLLISION WITH PEDESTRIAN IN INTERSECTION,SINGLE VEHICLE,STRAIGHT & LEVEL,DAYLIGHT,,,41985.41039,FALSE,7578,Accepted
14110709,0568000,LOUISVILLE METRO POLICE DEPT,Accepted,JEFFERSON,,,ARTERBURN,DR,,,,KY0146,NEW LA GRANGE,,NORWOOD,38.2552247,-85.6097645,0.423,12/11/2014,1700,2,1,0,1,CLEAR,DRY,TRUE,COLLISION WITH PEDESTRIAN NON - INTERSECTION,SINGLE VEHICLE,CURVE & LEVEL,DUSK,,,41985.41262,FALSE,7221,Accepted
3547857,0568000,LOUISVILLE METRO POLICE DEPT,Accepted,JEFFERSON,,4906,FLUSHING,WAY,,,,,,,,38.099989,-85.8526898,,12/8/2014,1204,2,1,0,1,CLOUDY,DRY,FALSE,COLLISION IN PARKING LOT,SINGLE VEHICLE,STRAIGHT & GRADE,DAYLIGHT,,,41981.65833,FALSE,2313,Accepted
3538989,0568000,LOUISVILLE METRO POLICE DEPT,Accepted,JEFFERSON,,,JOHNSONTOWN,RD,,,,,SEAFORTH,KY1727,TERRY,38.1216488,-85.8721776,0.899,12/5/2014,0711,2,1,0,2,RAINING,WET,FALSE,COLLISION WITH PEDESTRIAN NON - INTERSECTION,SINGLE VEHICLE,STRAIGHT & LEVEL,DARK-HWY NOT LIGHTED,,,41981.41203,FALSE,6100,Accepted
3561791,0568000,LOUISVILLE METRO POLICE DEPT,Accepted,JEFFERSON,KY1020,,NATIONAL,TPKE,,,,,,,,38.1216457,-85.7483205,3.324,12/4/2014,1931,2,1,0,1,RAINING,WET,FALSE,COLLISION WITH PEDESTRIAN NON - INTERSECTION,SINGLE VEHICLE,STRAIGHT & LEVEL,DARK-HWY LIGHTED/ON,,,41978.40758,FALSE,6886,Accepted
3529783,0568000,LOUISVILLE METRO POLICE DEPT,Accepted,JEFFERSON,KY1020,,SOUTHERN,PKWY,,,LANSING,,,,,38.1925619,-85.7667517,8.581,12/1/2014,0708,2,1,0,1,RAINING,WET,FALSE,COLLISION WITH PEDESTRIAN IN INTERSECTION,SINGLE VEHICLE,STRAIGHT & LEVEL,DAWN,,,41976.65826,FALSE,7753,Accepted
14137509,0568000,LOUISVILLE METRO POLICE DEPT,Accepted,JEFFERSON,,6900,BARDSTOWN,RD,,,,,,,,38.1480143,-85.5864477,,11/30/2014,0705,2,1,0,1,CLEAR,DRY,FALSE,COLLISION IN PARKING LOT,SINGLE VEHICLE,STRAIGHT & LEVEL,DAWN,,,41974.42863,FALSE,7120,Accepted
3527037,0568000,LOUISVILLE METRO POLICE DEPT,Accepted,JEFFERSON,US0031E,,BARDSTOWN,RD,,,,,BAXTER,,GRINSTEAD,38.20166667,-85.53666667,16.423,11/23/2014,0024,3,2,0,1,CLEAR,DRY,TRUE,COLLISION WITH PEDESTRIAN NON - INTERSECTION,HEAD ON,STRAIGHT & LEVEL,DARK-HWY LIGHTED/ON,,,41968.38951,FALSE,7160,Accepted
14178443,0561000,JEFFERSONTOWN POLICE DEPT,Accepted,JEFFERSON,KY1819,,BILLTOWN,RD,,,MICHAELE,,,,,38.1828512,-85.5711185,8.36,11/19/2014,1757,2,1,0,2,CLOUDY,DRY,FALSE,COLLISION WITH PEDESTRIAN IN INTERSECTION,SINGLE VEHICLE,STRAIGHT & LEVEL,DARK-HWY LIGHTED/ON,,,41969.32647,FALSE,8265,Accepted
3382098,0568000,LOUISVILLE METRO POLICE DEPT,Accepted,JEFFERSON,KY1747,,HURSTBOURNE,PKWY,S,,,,,,,38.2426142,-85.5770473,13.237,11/11/2014,0541,2,1,0,1,CLOUDY,DRY,FALSE,COLLISION WITH PEDESTRIAN NON - INTERSECTION,SINGLE VEHICLE,STRAIGHT & LEVEL,DARK-HWY NOT LIGHTED,,,41954.6598,FALSE,2533,Accepted
3416331,0568000,LOUISVILLE METRO POLICE DEPT,Accepted,JEFFERSON,I 0264,,I264 E,,,I 0064,I264 E EXIT19A RAMP TO I64 E,,,,,38.2326557,-85.6281025,18.452,11/9/2014,1859,4,3,0,1,CLOUDY,DRY,FALSE,COLLISION WITH PARKED VEHICLE,SIDESWIPE-SAME DIRECTION,CURVE & LEVEL,DARK (UNKNOWN ROADWAY LIGHTING),,,41953.37652,FALSE,7661,Accepted
3667434,0568000,LOUISVILLE METRO POLICE DEPT,Accepted,JEFFERSON,,,TITAN,DR,,,,,THOR,,POLARIS,38.1063832,-85.6962228,0.143,10/29/2014,1356,2,1,1,0,CLEAR,DRY,FALSE,COLLISION WITH PEDESTRIAN NON - INTERSECTION,SINGLE VEHICLE,STRAIGHT & LEVEL,DAYLIGHT,,,41950.36668,FALSE,7764,Accepted
2387948,0568000,LOUISVILLE METRO POLICE DEPT,Accepted,JEFFERSON,,,7TH,ST,S,KY2054,ALGONQUIN,,,,,38.2202949,-85.7772655,0.017,10/17/2014,0300,2,1,0,1,CLOUDY,DRY,TRUE,COLLISION WITH PEDESTRIAN IN INTERSECTION,SINGLE VEHICLE,STRAIGHT & LEVEL,DARK-HWY LIGHTED/ON,,,41932.65909,FALSE,2530,Accepted
2678790,0568000,LOUISVILLE METRO POLICE DEPT,Accepted,JEFFERSON,,,4TH,ST,S,,HILL,,,,,38.2259867,-85.7618911,2.134,10/12/2014,1358,4,2,0,3,CLEAR,DRY,FALSE,ANGLE COLLISION - BOTH VEHICLES GOING STRAIGHT,ANGLE,STRAIGHT & LEVEL,DAYLIGHT,,,41925.66014,FALSE,7619,Accepted
556310,0561000,JEFFERSONTOWN POLICE DEPT,Accepted,JEFFERSON,KY1747,,,,,,,,,,,38.2246339,-85.5783656,0.002,10/7/2014,1224,2,1,0,1,RAINING,WET,FALSE,OTHER RAMP RELATED COLLISIONS NOT LISTED ABOVE,SINGLE VEHICLE,STRAIGHT & LEVEL,DAYLIGHT,KY1747,I 0064,41919.61608,FALSE,8211,Accepted
2671104,0568000,LOUISVILLE METRO POLICE DEPT,Accepted,JEFFERSON,,3615,VANGUARD,DR,,,,,,,,38.1094311,-85.6971721,,10/1/2014,1939,3,2,0,1,CLEAR,DRY,TRUE,COLLISION IN PARKING LOT,ANGLE,STRAIGHT & GRADE,DARK-HWY NOT LIGHTED,,,41914.33052,FALSE,7765,Accepted
2432797,0568000,LOUISVILLE METRO POLICE DEPT,Accepted,JEFFERSON,US0060A,,WINKLER,AVE,,,,,5TH,,4TH,38.2103652,-85.7649263,3.056,9/28/2014,0403,2,1,1,0,CLEAR,DRY,TRUE,COLLISION WITH PEDESTRIAN NON - INTERSECTION,SINGLE VEHICLE,STRAIGHT & LEVEL,DARK-HWY LIGHTED/ON,,,41918.36596,FALSE,6100,Accepted
2290980,0568000,LOUISVILLE METRO POLICE DEPT,Accepted,JEFFERSON,,,APPLEGATE,LN,,,ACME,,,,,38.1333526,-85.6477675,0.624,9/24/2014,1123,2,1,0,1,CLEAR,DRY,FALSE,COLLISION WITH PEDESTRIAN IN INTERSECTION,SINGLE VEHICLE,STRAIGHT & LEVEL,DAYLIGHT,,,41907.65818,FALSE,2064,Accepted
561976,0568000,LOUISVILLE METRO POLICE DEPT,Accepted,JEFFERSON,,,31ST,ST,S,,,,,,,38.2498371,-85.8032735,0.637,9/24/2014,1800,2,1,0,1,CLEAR,DRY,TRUE,COLLISION WITH PEDESTRIAN NON - INTERSECTION,SINGLE VEHICLE,STRAIGHT & LEVEL,DAYLIGHT,,,41907.36863,FALSE,7877,Accepted
589349,0568000,LOUISVILLE METRO POLICE DEPT,Accepted,JEFFERSON,KY0907,,3RD,ST,,,,,SHOREWOOD,KY1865,NEW CUT,38.1452154,-85.776002,6.252,9/23/2014,2048,3,2,0,1,CLEAR,DRY,FALSE,COLLISION WITH PEDESTRIAN NON - INTERSECTION,ANGLE,STRAIGHT & LEVEL,DARK-HWY NOT LIGHTED,,,41908.32595,FALSE,7792,Accepted