IncidentId,AgencyORI,AgencyName,IncidentStatusDesc,County,RdwyNumber,Street,RoadwayName,StreetSfx,StreetDir,IntersectionRdwy,IntersectionRdwyName,BetweenStRdwy1,BetweenStRdwyName1,BetweenStRdwy2,BetweenStRdwyName2,Latitude,Longitude,Milepoint,CollisionDate,CollisionTime,UnitsInvolved,MotorVehiclesInvolved,NumberKilled,NumberInjured,Weather,RdwyConditionCode,HitandRun,DirAnalysisCode,MannerofCollision,RdwyCharacter,LightCondition,RampFromRdwyId,RampToRdwyId,AcceptedDate,IsSecondaryCollision,OwnerBadge,IncidentStatus
12715975,0568000,LOUISVILLE METRO POLICE DEPT,Accepted,JEFFERSON,,5120,DIXIE,HWY,,,,,,,,38.1660813,-85.8297335,,12/4/2012,1410,2,1,1,0,CLOUDY,DRY,FALSE,COLLISION IN PARKING LOT,SINGLE VEHICLE,STRAIGHT & LEVEL,DAYLIGHT,,,41261.70035,FALSE,2241,Accepted
2843518,0568000,LOUISVILLE METRO POLICE DEPT,Accepted,JEFFERSON,KY0061,,PRESTON,HWY,,,ANTLE,,,,,38.0875063,-85.667579,0.27,11/28/2012,2150,2,1,0,1,CLEAR,DRY,FALSE,COLLISION WITH PEDESTRIAN IN INTERSECTION,SINGLE VEHICLE,STRAIGHT & LEVEL,DARK-HWY NOT LIGHTED,,,41242.49218,FALSE,6886,Accepted
2861155,0568000,LOUISVILLE METRO POLICE DEPT,Accepted,JEFFERSON,KY1020,,SOUTHERN,PKWY,,,,KY2801,SOUTHERN HEIGHTS,,ASHLAND,38.1892309,-85.7667065,8.354,11/26/2012,2048,2,1,1,0,RAINING,WET,FALSE,COLLISION WITH PEDESTRIAN NON - INTERSECTION,SINGLE VEHICLE,STRAIGHT & LEVEL,DARK-HWY LIGHTED/ON,,,41240.40965,FALSE,6886,Accepted
12861803,0568000,LOUISVILLE METRO POLICE DEPT,Accepted,JEFFERSON,US0031W,,DIXIE,HWY,,,,,,,,38.1097285,-85.8653366,8.797,11/24/2012,1939,2,1,0,1,CLEAR,DRY,FALSE,COLLISION WITH PEDESTRIAN NON - INTERSECTION,SINGLE VEHICLE,STRAIGHT & LEVEL,DARK-HWY LIGHTED/OFF,,,41253.40756,FALSE,6044,Accepted
12423804,0568000,LOUISVILLE METRO POLICE DEPT,Accepted,JEFFERSON,KY0061,,PRESTON,HWY,,I 0065,I264 W EXIT12 RAMP TO KY61,,,,,38.1918438,-85.7277783,8.317,10/18/2012,0344,2,1,0,1,CLOUDY,WET,FALSE,COLLISION WITH PEDESTRIAN IN INTERSECTION,SINGLE VEHICLE,STRAIGHT & LEVEL,DARK-HWY LIGHTED/ON,,,41201.69941,FALSE,6418,Accepted
2820929,0568000,LOUISVILLE METRO POLICE DEPT,Accepted,JEFFERSON,,8610,DIXIE,HWY,,,,,,,,38.1264302,-85.8512575,,10/11/2012,2200,2,1,0,1,CLOUDY,DRY,TRUE,COLLISION IN PARKING LOT,SINGLE VEHICLE,STRAIGHT & LEVEL,DARK-HWY LIGHTED/ON,,,41194.40793,FALSE,2443,Accepted
2767081,0560300,ST. MATTHEWS POLICE DEPARTMENT,Accepted,JEFFERSON,US0060,,SHELBYVILLE,RD,,,ST MATTHEWS,,,,,38.2527382,-85.6527869,3.719,10/7/2012,2008,2,1,0,1,CLEAR,DRY,FALSE,COLLISION WITH PEDESTRIAN IN INTERSECTION,SINGLE VEHICLE,STRAIGHT & LEVEL,DARK-HWY LIGHTED/ON,,,41190.32568,FALSE,9148,Accepted
12778061,0568000,LOUISVILLE METRO POLICE DEPT,Accepted,JEFFERSON,I 0064,,,,,,,,,,,38.2793667,-85.8228837,0.071,10/4/2012,1932,3,1,1,1,CLEAR,DRY,FALSE,COLLISION WITH PEDESTRIAN NON - INTERSECTION,SINGLE VEHICLE,STRAIGHT & LEVEL,DUSK,,,41190.40907,FALSE,6964,Accepted
19765739,0568000,LOUISVILLE METRO POLICE DEPT,Accepted,JEFFERSON,KY1931,,MANSLICK,RD,,,CRUMS,,,,,38.1874612,-85.8010862,7.798,9/24/2012,2049,2,1,0,1,CLEAR,DRY,FALSE,COLLISION WITH PEDESTRIAN IN INTERSECTION,SINGLE VEHICLE,STRAIGHT & GRADE,DARK-HWY LIGHTED/ON,,,41177.45396,FALSE,7820,Accepted
2809663,0568000,LOUISVILLE METRO POLICE DEPT,Accepted,JEFFERSON,,4404,KERN,CT,,,,,,,,38.179198,-85.6398912,,9/18/2012,1500,2,1,0,1,CLEAR,DRY,TRUE,COLLISION IN PARKING LOT,SINGLE VEHICLE,STRAIGHT & LEVEL,DAYLIGHT,,,41171.40968,FALSE,6138,Accepted
2809652,0568000,LOUISVILLE METRO POLICE DEPT,Accepted,JEFFERSON,KY1020,,3RD,ST,S,,CENTRAL STATION,,,,,38.2035248,-85.764159,9.378,9/18/2012,1810,2,1,0,1,CLEAR,DRY,FALSE,COLLISION WITH PEDESTRIAN IN INTERSECTION,SINGLE VEHICLE,STRAIGHT & LEVEL,DAYLIGHT,,,41171.40949,FALSE,2812,Accepted
2710412,0568000,LOUISVILLE METRO POLICE DEPT,Accepted,JEFFERSON,US0042,,BROWNSBORO,RD,,,,,LINDSAY,,CLIFTON,38.2593758,-85.7064678,1.582,9/17/2012,1135,2,1,0,1,CLOUDY,DRY,FALSE,COLLISION WITH PEDESTRIAN NON - INTERSECTION,SINGLE VEHICLE,CURVE & LEVEL,DAYLIGHT,,,41173.40851,FALSE,6947,Accepted
2818872,0568000,LOUISVILLE METRO POLICE DEPT,Accepted,JEFFERSON,US0031W,,DIXIE,HWY,,,CITATION,,,,,38.1133317,-85.8624724,9.091,9/13/2012,2242,2,1,0,1,CLEAR,DRY,FALSE,COLLISION WITH PEDESTRIAN IN INTERSECTION,SINGLE VEHICLE,STRAIGHT & LEVEL,DARK-HWY NOT LIGHTED,,,41169.40939,FALSE,2095,Accepted
2847424,0568000,LOUISVILLE METRO POLICE DEPT,Accepted,JEFFERSON,KY1020,,SOUTHERN,PKWY,,,WHITNEY,,,,,38.1939348,-85.7667709,8.674,9/11/2012,1750,2,1,0,1,CLEAR,DRY,FALSE,COLLISION WITH PEDESTRIAN IN INTERSECTION,SINGLE VEHICLE,STRAIGHT & LEVEL,DAYLIGHT,,,41165.40831,FALSE,2812,Accepted
2778927,0568000,LOUISVILLE METRO POLICE DEPT,Accepted,JEFFERSON,US0031W,,DIXIE,HWY,,,,,SPEEDWAY,,EUCLID,38.1184044,-85.8581605,9.513,9/8/2012,2027,2,1,0,1,CLEAR,DRY,FALSE,COLLISION WITH PEDESTRIAN NON - INTERSECTION,SINGLE VEHICLE,STRAIGHT & LEVEL,DARK-HWY LIGHTED/ON,,,41170.36595,FALSE,2217,Accepted
2879920,0568000,LOUISVILLE METRO POLICE DEPT,Accepted,JEFFERSON,,,EVENING STAR,DR,,,,,SUNNY VALE,,FALLING STAR,38.1136234,-85.8812123,0.112,9/2/2012,2130,2,1,0,1,CLOUDY,WET,FALSE,COLLISION WITH PEDESTRIAN NON - INTERSECTION,SINGLE VEHICLE,STRAIGHT & LEVEL,DARK-HWY LIGHTED/ON,,,41156.5766,FALSE,7766,Accepted
2716628,0568000,LOUISVILLE METRO POLICE DEPT,Accepted,JEFFERSON,US0031W,,DIXIE,HWY,,,,,,,,38.1076317,-85.8667247,8.633,8/29/2012,0641,2,1,0,1,CLEAR,DRY,FALSE,COLLISION WITH PEDESTRIAN NON - INTERSECTION,SINGLE VEHICLE,STRAIGHT & LEVEL,DARK-HWY LIGHTED/ON,,,41152.36638,FALSE,6246,Accepted
2816649,0568000,LOUISVILLE METRO POLICE DEPT,Accepted,JEFFERSON,I 0264,,,,,,,,,,,38.191132,-85.7267265,0.288,8/25/2012,0118,2,1,1,0,CLEAR,DRY,FALSE,OTHER RAMP RELATED COLLISIONS NOT LISTED ABOVE,SINGLE VEHICLE,CURVE & GRADE,DARK-HWY LIGHTED/ON,I 0264,I 0065,41151.44946,FALSE,2323,Accepted
2705193,0568000,LOUISVILLE METRO POLICE DEPT,Accepted,JEFFERSON,US0060,,FRANKFORT,AVE,,,POPE,,,,,38.2568007,-85.716665,0.123,8/23/2012,2016,2,1,0,1,CLEAR,DRY,FALSE,COLLISION WITH PEDESTRIAN IN INTERSECTION,SINGLE VEHICLE,STRAIGHT & LEVEL,DAYLIGHT,,,41145.41035,FALSE,7676,Accepted
2928638,0561000,JEFFERSONTOWN POLICE DEPT,Accepted,JEFFERSON,I 0064,15,I64 W,,,,,,,,,38.2227348,-85.5731077,15.189,8/19/2012,0527,2,1,1,0,CLEAR,DRY,FALSE,COLLISION WITH PEDESTRIAN NON - INTERSECTION,SINGLE VEHICLE,STRAIGHT & LEVEL,DARK-HWY LIGHTED/ON,,,41141.32539,FALSE,8267,Accepted
2911527,0568000,LOUISVILLE METRO POLICE DEPT,Accepted,JEFFERSON,,,HALE,AVE,,,,,32ND,,28TH,38.20166667,-85.53666667,,8/15/2012,1521,2,1,0,1,CLEAR,DRY,TRUE,COLLISION WITH PEDESTRIAN NON - INTERSECTION,SINGLE VEHICLE,STRAIGHT & LEVEL,DAYLIGHT,,,41138.36701,FALSE,2167,Accepted
2959249,0568000,LOUISVILLE METRO POLICE DEPT,Accepted,JEFFERSON,KY1065,6903,OUTER LOOP,,,,,,,,,38.138019,-85.6426499,8.473,8/14/2012,1303,4,1,0,2,CLOUDY,DRY,FALSE,COLLISION WITH FIXED OBJECT NON - INTERSECTION - FIRST EVENT COLLISION 09 - 32 EXCLUDING 16,SINGLE VEHICLE,STRAIGHT & LEVEL,DAYLIGHT,,,41141.61642,FALSE,2239,Accepted
2803943,0568000,LOUISVILLE METRO POLICE DEPT,Accepted,JEFFERSON,,,DEL MARIA,WAY,,,,,,,,38.1699925,-85.6071792,,8/11/2012,0421,4,3,0,1,CLEAR,DRY,TRUE,COLLISION IN PARKING LOT,SIDESWIPE-SAME DIRECTION,STRAIGHT & GRADE,DARK-HWY LIGHTED/ON,,,41135.45297,FALSE,7722,Accepted
2715372,0568000,LOUISVILLE METRO POLICE DEPT,Accepted,JEFFERSON,KY3077,,RIVER,RD,,,3RD,,,,,38.258544,-85.7544092,0.366,8/6/2012,1807,2,1,0,1,CLEAR,DRY,FALSE,COLLISION WITH PEDESTRIAN IN INTERSECTION,SINGLE VEHICLE,STRAIGHT & LEVEL,DAYLIGHT,,,41128.40874,FALSE,7618,Accepted
2685720,0568000,LOUISVILLE METRO POLICE DEPT,Accepted,JEFFERSON,,,TERRIL,LN,,,,,PEABODY,,DUKEHART,38.2046515,-85.6779944,0.12,7/30/2012,2040,2,1,0,1,CLEAR,DRY,TRUE,COLLISION WITH PEDESTRIAN NON - INTERSECTION,SINGLE VEHICLE,STRAIGHT & LEVEL,DAYLIGHT,,,41143.40728,FALSE,6138,Accepted
2529917,0560400,SHIVELY POLICE DEPARTMENT,Accepted,JEFFERSON,US0031W,4652,DIXIE,HWY,,,,,,,,38.1750725,-85.822445,13.912,7/29/2012,2330,2,1,0,1,CLEAR,DRY,FALSE,COLLISION WITH PEDESTRIAN NON - INTERSECTION,SINGLE VEHICLE,STRAIGHT & LEVEL,DARK-HWY LIGHTED/ON,,,41123.32449,FALSE,7102,Accepted
2767246,0568000,LOUISVILLE METRO POLICE DEPT,Accepted,JEFFERSON,,,REDWOOD,DR,,,,,TAYLOR,,ORCHARD,38.1990684,-85.7092083,0.118,7/25/2012,1125,2,1,0,1,CLEAR,DRY,FALSE,COLLISION WITH PEDESTRIAN NON - INTERSECTION,SINGLE VEHICLE,CURVE & LEVEL,DAYLIGHT,,,41116.40819,FALSE,2876,Accepted
2581337,0568000,LOUISVILLE METRO POLICE DEPT,Accepted,JEFFERSON,,,GRASTON,AVE,,,THOMAS,,,,,38.1744217,-85.8350807,0.11,6/8/2012,2358,2,1,1,0,CLEAR,DRY,TRUE,COLLISION WITH PEDESTRIAN IN INTERSECTION,SINGLE VEHICLE,STRAIGHT & LEVEL,DARK-HWY NOT LIGHTED,,,41073.40922,FALSE,6886,Accepted
2595708,0560300,ST. MATTHEWS POLICE DEPARTMENT,Accepted,JEFFERSON,KY1932,,BRECKENRIDGE,LN,,,MILFORD,,,,,38.2382989,-85.6435027,4.317,6/8/2012,2108,4,1,0,3,CLEAR,DRY,FALSE,COLLISION WITH PEDESTRIAN IN INTERSECTION,SINGLE VEHICLE,STRAIGHT & HILLCREST,DUSK,,,41069.86508,FALSE,9143,Accepted
2535571,0568000,LOUISVILLE METRO POLICE DEPT,Accepted,JEFFERSON,US0031,,BARDSTOWN,RD,,,EASTERN,,,,,38.2397,-85.54418333,14.563,6/4/2012,1539,2,1,0,1,RAINING,WET,FALSE,COLLISION WITH PEDESTRIAN IN INTERSECTION,ANGLE,STRAIGHT & LEVEL,DAYLIGHT,,,41068.3606,FALSE,7611,Accepted
2502233,0568000,LOUISVILLE METRO POLICE DEPT,Accepted,JEFFERSON,US0031W,,DIXIE,HWY,,,PAGES,,,,,38.1301679,-85.8478524,10.5,5/19/2012,2144,2,1,1,0,CLEAR,DRY,FALSE,COLLISION WITH PEDESTRIAN IN INTERSECTION,SINGLE VEHICLE,STRAIGHT & LEVEL,DARK-HWY LIGHTED/ON,,,41050.45576,FALSE,6886,Accepted
2561995,0568000,LOUISVILLE METRO POLICE DEPT,Accepted,JEFFERSON,,,DEEPWOOD,CT,,,DEEPWOOD,,,,,38.3164996,-85.6176224,0.062,5/19/2012,0147,2,1,0,1,CLEAR,DRY,TRUE,COLLISION WITH PEDESTRIAN IN INTERSECTION,SINGLE VEHICLE,STRAIGHT & GRADE,DARK-HWY LIGHTED/ON,,,41059.40927,FALSE,7829,Accepted
2755746,0568000,LOUISVILLE METRO POLICE DEPT,Accepted,JEFFERSON,US0031W,9611,DIXIE,HWY,,,,,,,,38.1241843,-85.8532054,9.995,5/16/2012,2321,2,1,0,1,CLEAR,DRY,FALSE,COLLISION WITH PEDESTRIAN NON - INTERSECTION,SINGLE VEHICLE,STRAIGHT & LEVEL,DARK-HWY LIGHTED/ON,,,41046.4172,FALSE,6886,Accepted
2649488,0568000,LOUISVILLE METRO POLICE DEPT,Accepted,JEFFERSON,,,WASHBURN,AVE,,,,,,,,38.2608222,-85.6175364,,5/10/2012,2145,2,0,0,1,CLEAR,OTHER,FALSE,COLLISION IN PARKING LOT,HEAD ON,STRAIGHT & LEVEL,DARK (UNKNOWN ROADWAY LIGHTING),,,41043.41098,FALSE,7006,Accepted
2484023,0568000,LOUISVILLE METRO POLICE DEPT,Accepted,JEFFERSON,US0150,,BROADWAY,,E,,HANCOCK,,,,,38.2449839,-85.743577,3.189,5/10/2012,2135,2,1,0,2,CLEAR,DRY,FALSE,COLLISION WITH PEDESTRIAN IN INTERSECTION,SINGLE VEHICLE,STRAIGHT & LEVEL,DARK-HWY LIGHTED/ON,,,41047.36646,FALSE,2395,Accepted
2653867,0568000,LOUISVILLE METRO POLICE DEPT,Accepted,JEFFERSON,KY1865,,NEW CUT,RD,,KY0907,3RD,,,,,38.145881,-85.7752773,2.673,5/6/2012,2134,2,1,0,1,CLEAR,DRY,FALSE,COLLISION WITH PEDESTRIAN IN INTERSECTION,SINGLE VEHICLE,STRAIGHT & LEVEL,DARK-HWY NOT LIGHTED,,,41036.47368,FALSE,2095,Accepted
2476211,0568000,LOUISVILLE METRO POLICE DEPT,Accepted,JEFFERSON,,,ORMSBY,AVE,W,,ARTHUR KLING,,,,,38.2326215,-85.7580053,0.125,5/5/2012,1348,2,1,0,1,CLEAR,DRY,TRUE,COLLISION WITH PEDESTRIAN IN INTERSECTION,SINGLE VEHICLE,STRAIGHT & LEVEL,DAYLIGHT,,,41036.46919,FALSE,2532,Accepted
19764049,0568000,LOUISVILLE METRO POLICE DEPT,Accepted,JEFFERSON,,,1ST,ST,S,US0031E,MARKET,,,,,38.2546814,-85.7518039,0.097,4/27/2012,1652,4,2,0,3,CLEAR,DRY,FALSE,ANGLE COLLISION - BOTH VEHICLES GOING STRAIGHT,ANGLE,STRAIGHT & LEVEL,DAYLIGHT,,,41029.57922,TRUE,7564,Accepted
2707080,0568000,LOUISVILLE METRO POLICE DEPT,Accepted,JEFFERSON,KY1865,,TAYLOR,BLVD,,,,,,,,38.1828068,-85.7836582,5.263,4/19/2012,2120,2,1,0,1,CLEAR,DRY,FALSE,COLLISION WITH PEDESTRIAN NON - INTERSECTION,SINGLE VEHICLE,STRAIGHT & LEVEL,DARK-HWY LIGHTED/ON,,,41022.49314,FALSE,7671,Accepted
2556725,0561500,UNIV. OF LOUISVILLE POLICE,Accepted,JEFFERSON,,318,BRANDEIS,AVE,W,,,,,,,38.2194235,-85.7623389,0.039,4/19/2012,1410,2,1,0,1,CLEAR,DRY,FALSE,COLLISION WITH PEDESTRIAN NON - INTERSECTION,SINGLE VEHICLE,STRAIGHT & LEVEL,DAYLIGHT,,,41019.65727,FALSE,5641,Accepted
2481413,0568000,LOUISVILLE METRO POLICE DEPT,Accepted,JEFFERSON,,,BUECHEL BANK,RD,,,,,,,,38.1819161,-85.6483505,0.723,4/9/2012,1730,2,1,1,0,CLEAR,DRY,FALSE,COLLISION WITH PEDESTRIAN NON - INTERSECTION,SINGLE VEHICLE,STRAIGHT & LEVEL,DAYLIGHT,,,41009.65881,FALSE,6010,Accepted
2596406,0568000,LOUISVILLE METRO POLICE DEPT,Accepted,JEFFERSON,US0060A,,TAYLOR,BLVD,,,,,SALE,,LONGFIELD,38.197907,-85.7828049,1.576,4/5/2012,1948,2,1,0,1,CLEAR,DRY,FALSE,COLLISION WITH PEDESTRIAN NON - INTERSECTION,SINGLE VEHICLE,STRAIGHT & LEVEL,DAYLIGHT,,,41005.49103,FALSE,2395,Accepted
2583525,0568000,LOUISVILLE METRO POLICE DEPT,Accepted,JEFFERSON,,,GOLDSMITH LANE,,,,GOLDEN TURTLE CIRCLE,,,,,38.2032158,-85.6780316,0,4/4/2012,1608,2,1,0,1,RAINING,WET,FALSE,COLLISION WITH PEDESTRIAN IN INTERSECTION,SINGLE VEHICLE,STRAIGHT & LEVEL,DAYLIGHT,,,41008.4933,FALSE,6138,Accepted
2662469,0568000,LOUISVILLE METRO POLICE DEPT,Accepted,JEFFERSON,,,BROADLEAF,DR,,,RICHMONT,,,,,38.1980235,-85.8408553,0.124,3/23/2012,2311,2,1,0,1,RAINING,WET,TRUE,COLLISION WITH PEDESTRIAN IN INTERSECTION,SINGLE VEHICLE,STRAIGHT & LEVEL,DARK-HWY LIGHTED/ON,,,40994.61681,FALSE,7876,Accepted
2686557,0568000,LOUISVILLE METRO POLICE DEPT,Accepted,JEFFERSON,,3917,7TH STREET,RD,,,,,,,,38.1953471,-85.8025504,,3/17/2012,1409,2,1,0,1,CLOUDY,DRY,FALSE,COLLISION IN PARKING LOT,SINGLE VEHICLE,STRAIGHT & LEVEL,DAYLIGHT,,,40989.44898,FALSE,7753,Accepted
482699,0568000,LOUISVILLE METRO POLICE DEPT,Accepted,JEFFERSON,,,7TH,ST,S,KY2054,ALGONQUIN,,,,,38.2200777,-85.777372,0.001,3/16/2012,0739,2,1,0,1,CLOUDY,WET,FALSE,COLLISION WITH PEDESTRIAN IN INTERSECTION,SINGLE VEHICLE,STRAIGHT & LEVEL,DAWN,,,40984.5736,FALSE,2010,Accepted
2589252,0568000,LOUISVILLE METRO POLICE DEPT,Accepted,JEFFERSON,KY0061,8215,PRESTON,HWY,,,,,,,,38.1332225,-85.6838479,3.575,3/14/2012,0634,2,1,1,0,CLEAR,DRY,FALSE,COLLISION WITH PEDESTRIAN NON - INTERSECTION,SINGLE VEHICLE,STRAIGHT & LEVEL,DARK-HWY NOT LIGHTED,,,40983.40844,FALSE,2239,Accepted
2586764,0568000,LOUISVILLE METRO POLICE DEPT,Accepted,JEFFERSON,,12613,TAYLORSVILLE,RD,,,,,,,,38.187752,-85.516327,,3/12/2012,0941,2,1,0,1,CLOUDY,WET,FALSE,COLLISION IN PARKING LOT,SINGLE VEHICLE,STRAIGHT & LEVEL,DAYLIGHT,,,40980.57411,FALSE,2274,Accepted
2630322,0568000,LOUISVILLE METRO POLICE DEPT,Accepted,JEFFERSON,,,4TH,ST,S,US0150,BROADWAY,,,,,38.2461026,-85.7583648,0.732,3/12/2012,2015,2,1,0,1,CLEAR,DRY,FALSE,COLLISION WITH PEDESTRIAN IN INTERSECTION,SINGLE VEHICLE,STRAIGHT & LEVEL,DARK-HWY LIGHTED/ON,,,40981.49333,FALSE,7810,Accepted
2534073,0568000,LOUISVILLE METRO POLICE DEPT,Accepted,JEFFERSON,,,BROADWAY,,W,,,,,,,38.2497051,-85.802458,0.776,3/11/2012,2200,2,1,0,1,CLEAR,DRY,TRUE,COLLISION WITH PEDESTRIAN NON - INTERSECTION,SINGLE VEHICLE,STRAIGHT & LEVEL,DUSK,,,40980.49587,FALSE,7877,Accepted
2653377,0560400,SHIVELY POLICE DEPARTMENT,Accepted,JEFFERSON,US0031W,,DIXIE,HWY,,,,,,,,38.1779959,-85.8190528,14.189,3/5/2012,1657,3,1,0,2,CLEAR,DRY,FALSE,COLLISION WITH PEDESTRIAN NON - INTERSECTION,SINGLE VEHICLE,STRAIGHT & LEVEL,DAYLIGHT,,,40977.69932,FALSE,7034,Accepted
493282,0568000,LOUISVILLE METRO POLICE DEPT,Accepted,JEFFERSON,I 0065,,I65 S,,,,,,,,,38.2093544,-85.7528672,132.705,2/27/2012,0123,2,1,0,1,CLEAR,DRY,FALSE,COLLISION WITH PEDESTRIAN NON - INTERSECTION,SINGLE VEHICLE,CURVE & GRADE,DARK-HWY LIGHTED/ON,,,40974.40859,FALSE,2323,Accepted
2551285,0568000,LOUISVILLE METRO POLICE DEPT,Accepted,JEFFERSON,,,CARDINAL,BLVD,W,,4TH,,,,,38.2205364,-85.7626517,0.261,2/20/2012,1537,2,1,0,1,CLEAR,DRY,FALSE,COLLISION WITH PEDESTRIAN IN INTERSECTION,SINGLE VEHICLE,STRAIGHT & LEVEL,DAYLIGHT,,,40961.40839,FALSE,7684,Accepted
649269,0568000,LOUISVILLE METRO POLICE DEPT,Accepted,JEFFERSON,,,MUHAMMAD ALI,BLVD,W,,4TH,,,,,38.2511326,-85.7574854,0.273,2/19/2012,0427,2,1,0,1,CLEAR,DRY,FALSE,COLLISION WITH PEDESTRIAN IN INTERSECTION,SINGLE VEHICLE,STRAIGHT & LEVEL,DARK-HWY LIGHTED/ON,,,40959.62061,FALSE,7784,Accepted
649282,0568000,LOUISVILLE METRO POLICE DEPT,Accepted,JEFFERSON,KY0022,9400,BROWNSBORO,RD,,,,,,,,38.3075353,-85.5746112,3.532,2/19/2012,1640,2,1,0,1,CLOUDY,DRY,FALSE,COLLISION WITH PEDESTRIAN NON - INTERSECTION,SINGLE VEHICLE,STRAIGHT & LEVEL,DAYLIGHT,,,40959.62094,FALSE,7785,Accepted
641141,0568000,LOUISVILLE METRO POLICE DEPT,Accepted,JEFFERSON,,2928,HIKES,LN,,,,,,,,38.2110234,-85.6408893,,2/13/2012,0815,2,1,0,1,CLEAR,DRY,TRUE,COLLISION IN PARKING LOT,SINGLE VEHICLE,STRAIGHT & LEVEL,DAYLIGHT,,,40952.49832,FALSE,6196,Accepted
11560291,0568000,LOUISVILLE METRO POLICE DEPT,Accepted,JEFFERSON,KY1020,,3RD,ST,S,,,,JEFFERSON,,LIBERTY,38.2534304,-85.7554214,12.621,1/26/2012,1905,2,1,0,1,RAINING,WET,FALSE,COLLISION WITH PEDESTRIAN NON - INTERSECTION,SINGLE VEHICLE,STRAIGHT & LEVEL,DARK-HWY LIGHTED/ON,,,40935.45314,FALSE,7767,Accepted
440001,0568000,LOUISVILLE METRO POLICE DEPT,Accepted,JEFFERSON,,,1ST,ST,S,,ORMSBY,,,,,38.2318864,-85.7558482,1.684,1/21/2012,1814,2,1,0,1,CLEAR,DRY,FALSE,COLLISION WITH PEDESTRIAN IN INTERSECTION,SINGLE VEHICLE,STRAIGHT & LEVEL,DARK-HWY LIGHTED/ON,,,40931.49122,FALSE,7578,Accepted
11619847,0568000,LOUISVILLE METRO POLICE DEPT,Accepted,JEFFERSON,,,41ST,ST,S,,BROADWAY,,,,,38.2503463,-85.819949,1.015,1/17/2012,1932,2,1,0,1,CLEAR,DRY,FALSE,COLLISION WITH PEDESTRIAN IN INTERSECTION,SINGLE VEHICLE,STRAIGHT & LEVEL,DARK-HWY LIGHTED/ON,,,40935.44956,FALSE,7584,Accepted
12135095,0568000,LOUISVILLE METRO POLICE DEPT,Accepted,JEFFERSON,,,4TH,ST,S,US0150,BROADWAY,,,,,38.2460796,-85.7583793,0.734,1/17/2012,0745,2,1,0,1,RAINING,WET,FALSE,COLLISION WITH PEDESTRIAN IN INTERSECTION,SINGLE VEHICLE,STRAIGHT & LEVEL,DARK-HWY LIGHTED/ON,,,40925.57811,FALSE,7784,Accepted
12201654,0568000,LOUISVILLE METRO POLICE DEPT,Accepted,JEFFERSON,US0031W,4119,DIXIE,HWY,,,,,,,,38.1877608,-85.8111559,14.979,1/13/2012,0813,2,1,2,1,CLOUDY,DRY,FALSE,COLLISION WITH FIXED OBJECT NON - INTERSECTION - FIRST EVENT COLLISION 09 - 32 EXCLUDING 16,SINGLE VEHICLE,STRAIGHT & LEVEL,DAYLIGHT,,,40925.4073,FALSE,2239,Accepted
12640735,0568000,LOUISVILLE METRO POLICE DEPT,Accepted,JEFFERSON,,,LA GRANGE,RD,,,,,,,,38.2707164,-85.557368,,1/1/2012,1940,2,0,0,1,CLEAR,DRY,FALSE,COLLISION IN PARKING LOT,HEAD ON,STRAIGHT & LEVEL,OTHER,,,40911.49493,FALSE,6317,Accepted