IncidentId,AgencyORI,AgencyName,IncidentStatusDesc,County,RdwyNumber,Street,RoadwayName,StreetSfx,StreetDir,IntersectionRdwy,IntersectionRdwyName,BetweenStRdwy1,BetweenStRdwyName1,BetweenStRdwy2,BetweenStRdwyName2,Latitude,Longitude,Milepoint,CollisionDate,CollisionTime,UnitsInvolved,MotorVehiclesInvolved,NumberKilled,NumberInjured,Weather,RdwyConditionCode,HitandRun,DirAnalysisCode,MannerofCollision,RdwyCharacter,LightCondition,RampFromRdwyId,RampToRdwyId,AcceptedDate,IsSecondaryCollision,OwnerBadge,IncidentStatus
12079378,0568000,LOUISVILLE METRO POLICE DEPT,Accepted,JEFFERSON,US0031E,4700,BARDSTOWN,RD,,,,,,,,38.1799164,-85.6244572,8.541,12/24/2011,0420,2,1,0,1,CLEAR,DRY,FALSE,COLLISION WITH PEDESTRIAN NON - INTERSECTION,SINGLE VEHICLE,STRAIGHT & LEVEL,DARK-HWY NOT LIGHTED,,,40906.44889,FALSE,6379,Accepted
12090270,0568000,LOUISVILLE METRO POLICE DEPT,Accepted,JEFFERSON,KY1865,,NEW CUT,RD,,,PARK,,,,,38.1556665,-85.7773685,3.364,12/15/2011,1732,2,1,0,1,CLEAR,DRY,FALSE,COLLISION WITH PEDESTRIAN IN INTERSECTION,SINGLE VEHICLE,STRAIGHT & LEVEL,DARK-HWY NOT LIGHTED,,,40893.65713,FALSE,7764,Accepted
10458281,0568000,LOUISVILLE METRO POLICE DEPT,Accepted,JEFFERSON,KY1631,,CRITTENDEN,DR,,,,,CENTRAL,,KFEC GATE4,38.2037817,-85.7507331,1.093,12/14/2011,1917,2,1,0,1,CLOUDY,DRY,FALSE,COLLISION WITH PEDESTRIAN NON - INTERSECTION,SINGLE VEHICLE,STRAIGHT & GRADE,DARK-HWY LIGHTED/ON,,,40896.61624,FALSE,2323,Accepted
10470307,0568000,LOUISVILLE METRO POLICE DEPT,Accepted,JEFFERSON,,11301,WESTPORT,RD,,,,,,,,38.2995203,-85.541048,,12/7/2011,0825,2,1,0,1,CLOUDY,WET,FALSE,COLLISION IN PARKING LOT,SINGLE VEHICLE,STRAIGHT & LEVEL,DAYLIGHT,,,40884.44968,FALSE,6805,Accepted
12250436,0568000,LOUISVILLE METRO POLICE DEPT,Accepted,JEFFERSON,KY1020,,SOUTHSIDE,DR,,,,,IROQUOIS,,SOUTHLAND,38.1708071,-85.7648229,6.953,11/30/2011,1946,2,1,1,0,CLEAR,DRY,FALSE,COLLISION WITH PEDESTRIAN NON - INTERSECTION,SINGLE VEHICLE,STRAIGHT & LEVEL,DARK-HWY LIGHTED/ON,,,40878.36571,FALSE,6964,Accepted
500682,0568000,LOUISVILLE METRO POLICE DEPT,Accepted,JEFFERSON,KY0907,,3RD,ST,,,SHOREWOOD,,,,,38.1449221,-85.7764274,6.221,11/29/2011,1727,2,1,1,0,RAINING,WET,FALSE,COLLISION WITH PEDESTRIAN IN INTERSECTION,SINGLE VEHICLE,STRAIGHT & LEVEL,DARK-HWY LIGHTED/ON,,,40877.41124,TRUE,7578,Accepted
11716056,0568000,LOUISVILLE METRO POLICE DEPT,Accepted,JEFFERSON,KY1020,8400,NATIONAL,TPKE,,,,,,,,38.1274178,-85.7488662,0,11/28/2011,0604,2,1,1,0,RAINING,WET,FALSE,COLLISION WITH PEDESTRIAN NON - INTERSECTION,SINGLE VEHICLE,STRAIGHT & LEVEL,DARK-HWY NOT LIGHTED,,,40876.61653,FALSE,6379,Accepted
10525253,0568000,LOUISVILLE METRO POLICE DEPT,Accepted,JEFFERSON,,,34TH,ST,S,,DEL PARK,,,,,38.2531576,-85.8077688,0.637,11/22/2011,0055,2,1,1,0,RAINING,WET,FALSE,COLLISION WITH PEDESTRIAN IN INTERSECTION,SINGLE VEHICLE,STRAIGHT & LEVEL,DARK-HWY LIGHTED/ON,,,40869.49288,FALSE,6886,Accepted
10665364,0568000,LOUISVILLE METRO POLICE DEPT,Accepted,JEFFERSON,US0031E,,BAXTER,AVE,,,MORTON,,,,,38.2409397,-85.7248413,15.703,11/20/2011,0252,3,2,0,1,RAINING,WET,FALSE,COLLISION WITH PEDESTRIAN IN INTERSECTION,ANGLE,STRAIGHT & LEVEL,DARK-HWY LIGHTED/ON,,,40868.44935,FALSE,7835,Accepted
11675502,0568000,LOUISVILLE METRO POLICE DEPT,Accepted,JEFFERSON,,,36TH,ST,S,,BROADWAY,,,,,38.2499746,-85.8108647,0.478,11/19/2011,1834,2,1,0,1,CLEAR,DRY,FALSE,COLLISION WITH PEDESTRIAN IN INTERSECTION,SINGLE VEHICLE,STRAIGHT & LEVEL,DARK-HWY LIGHTED/ON,,,40868.41328,FALSE,2167,Accepted
11652365,0568000,LOUISVILLE METRO POLICE DEPT,Accepted,JEFFERSON,KY1747,,FERN VALLEY,RD,,,,,,,,38.1569462,-85.7046985,1.512,11/18/2011,0809,5,3,0,2,CLEAR,DRY,FALSE,REAR END IN TRAFFIC LANES BOTH VEHICLES MOVING,REAR END,STRAIGHT & LEVEL,DAYLIGHT,,,40868.40922,TRUE,7992,Accepted
10645489,0568000,LOUISVILLE METRO POLICE DEPT,Accepted,JEFFERSON,KY0061,,PRESTON,HWY,,KY6304,OLD PRESTON,,,,,38.0968643,-85.6703148,0.924,11/17/2011,1700,2,1,0,1,CLEAR,DRY,FALSE,COLLISION WITH PEDESTRIAN IN INTERSECTION,SINGLE VEHICLE,STRAIGHT & LEVEL,DAYLIGHT,,,40865.44941,FALSE,2018,Accepted
503814,0568000,LOUISVILLE METRO POLICE DEPT,Accepted,JEFFERSON,KY0864,,POPLAR LEVEL,RD,,,QUAIL HOLLOW,,,,,38.1802272,-85.6938445,9.991,11/7/2011,2212,2,1,0,1,CLEAR,DRY,FALSE,COLLISION WITH PEDESTRIAN IN INTERSECTION,SINGLE VEHICLE,STRAIGHT & LEVEL,DARK-HWY LIGHTED/ON,,,40855.36809,FALSE,6138,Accepted
193037,0568000,LOUISVILLE METRO POLICE DEPT,Accepted,JEFFERSON,,,RUNDILL,RD,,,,,,,,38.16863,-85.7858285,,11/2/2011,1930,2,1,0,1,CLEAR,DRY,FALSE,COLLISION IN PARKING LOT,SINGLE VEHICLE,STRAIGHT & HILLCREST,DUSK,,,40854.40873,FALSE,7967,Accepted
2459453,0560300,ST. MATTHEWS POLICE DEPARTMENT,Accepted,JEFFERSON,,3937,GRANDVIEW,AVE,,,,,,,,38.2497158,-85.6498769,0.793,10/22/2011,1806,2,1,0,1,CLEAR,DRY,FALSE,COLLISION WITH PEDESTRIAN NON - INTERSECTION,SINGLE VEHICLE,STRAIGHT & LEVEL,DAYLIGHT,,,40838.90657,FALSE,9147,Accepted
501906,0568000,LOUISVILLE METRO POLICE DEPT,Accepted,JEFFERSON,US0031W,,DIXIE,HWY,,,,,ALLSTON,,RATCLIFFE,38.2197758,-85.7940419,17.391,10/17/2011,1916,2,1,0,1,CLOUDY,DRY,FALSE,COLLISION WITH PEDESTRIAN NON - INTERSECTION,SINGLE VEHICLE,STRAIGHT & LEVEL,DARK-HWY LIGHTED/ON,,,40834.36892,FALSE,7876,Accepted
499221,0568000,LOUISVILLE METRO POLICE DEPT,Accepted,JEFFERSON,KY0061,,PRESTON,HWY,,,,,OKOLONA,,PINECROFT,38.1351763,-85.6849573,3.718,10/8/2011,2040,2,1,0,1,CLEAR,DRY,FALSE,COLLISION WITH PEDESTRIAN NON - INTERSECTION,SINGLE VEHICLE,STRAIGHT & LEVEL,DARK-HWY LIGHTED/ON,,,40834.3661,FALSE,7834,Accepted
243335,0568000,LOUISVILLE METRO POLICE DEPT,Accepted,JEFFERSON,,7101,HICKORY VALLEY,RD,,,,,,,,38.1400998,-85.4993024,0.24,10/1/2011,2123,2,1,0,1,CLEAR,DRY,FALSE,COLLISION WITH PEDESTRIAN NON - INTERSECTION,SINGLE VEHICLE,STRAIGHT & GRADE,DARK-HWY NOT LIGHTED,,,40819.45866,FALSE,2835,Accepted
2459307,0568000,LOUISVILLE METRO POLICE DEPT,Accepted,JEFFERSON,US0031W,,DIXIE,HWY,,,FURY,,,,,38.1387916,-85.8423701,11.274,10/1/2011,2257,2,1,1,0,CLEAR,DRY,FALSE,COLLISION WITH PEDESTRIAN IN INTERSECTION,SINGLE VEHICLE,STRAIGHT & LEVEL,DARK-HWY NOT LIGHTED,,,40829.45036,FALSE,6964,Accepted
197008,0568000,LOUISVILLE METRO POLICE DEPT,Accepted,JEFFERSON,,,CHEROKEE,RD,,,,,ALTA,,BARNEY,38.2372028,-85.6996052,1.796,9/24/2011,0825,2,1,0,1,RAINING,WET,FALSE,COLLISION WITH PEDESTRIAN NON - INTERSECTION,SINGLE VEHICLE,CURVE & GRADE,DAYLIGHT,,,40812.49108,FALSE,2046,Accepted
288949,0568000,LOUISVILLE METRO POLICE DEPT,Accepted,JEFFERSON,US0031W,8038,DIXIE,HWY,,,,,,,,38.14889,-85.8374584,12.01,9/11/2011,1245,2,1,0,1,CLOUDY,WET,FALSE,COLLISION WITH PEDESTRIAN NON - INTERSECTION,SINGLE VEHICLE,STRAIGHT & LEVEL,DARK-HWY LIGHTED/ON,,,40800.74914,FALSE,2311,Accepted
362706,0568000,LOUISVILLE METRO POLICE DEPT,Accepted,JEFFERSON,,,DIXIE,HWY,,,HILL,,,,,38.2282993,-85.7904878,1.5,9/6/2011,1716,2,1,0,1,RAINING,WET,FALSE,COLLISION WITH PEDESTRIAN IN INTERSECTION,SINGLE VEHICLE,STRAIGHT & LEVEL,DAYLIGHT,,,40794.54314,FALSE,2167,Accepted
363723,0568000,LOUISVILLE METRO POLICE DEPT,Accepted,JEFFERSON,I 0065,,I65 S,,,,,,,,,38.2361976,-85.7519931,134.579,9/6/2011,2249,2,1,0,1,RAINING,WET,FALSE,COLLISION WITH PEDESTRIAN NON - INTERSECTION,SINGLE VEHICLE,STRAIGHT & LEVEL,DARK-HWY LIGHTED/ON,,,40794.54464,FALSE,7578,Accepted
347055,0568000,LOUISVILLE METRO POLICE DEPT,Accepted,JEFFERSON,US0031W,12800,DIXIE,HWY,,,,,,,,38.0796624,-85.8831371,6.508,9/4/2011,2104,2,1,1,0,CLOUDY,DRY,FALSE,COLLISION WITH PEDESTRIAN NON - INTERSECTION,SINGLE VEHICLE,STRAIGHT & HILLCREST,DARK-HWY NOT LIGHTED,,,40792.53586,FALSE,6886,Accepted
346128,0568000,LOUISVILLE METRO POLICE DEPT,Accepted,JEFFERSON,,,GAGEL,AVE,,,,,LONDON,,SANDERS,38.173258,-85.8136237,0.494,9/1/2011,1258,4,2,0,4,CLEAR,DRY,FALSE,REAR END IN TRAFFIC LANES BOTH VEHICLES MOVING,REAR END,STRAIGHT & LEVEL,DAYLIGHT,,,40792.49034,TRUE,2225,Accepted
392285,0568000,LOUISVILLE METRO POLICE DEPT,Accepted,JEFFERSON,US0031W,,DIXIE,HWY,,,PONDER,,,,,38.1157772,-85.8603671,9.296,8/29/2011,0840,2,1,0,1,CLEAR,DRY,FALSE,COLLISION WITH PEDESTRIAN IN INTERSECTION,SINGLE VEHICLE,STRAIGHT & LEVEL,DAYLIGHT,,,40784.65763,FALSE,6813,Accepted
350693,0568000,LOUISVILLE METRO POLICE DEPT,Accepted,JEFFERSON,,,BRECKINRIDGE,ST,E,US0031E,BAXTER,,,,,38.2427516,-85.7262616,0.001,8/27/2011,0900,2,1,0,1,CLEAR,DRY,FALSE,COLLISION WITH PEDESTRIAN IN INTERSECTION,SINGLE VEHICLE,STRAIGHT & LEVEL,DAYLIGHT,,,40784.41275,FALSE,2278,Accepted
12182,0568000,LOUISVILLE METRO POLICE DEPT,Accepted,JEFFERSON,KY1020,,SOUTHERN,PKWY,,KY2801,SOUTHERN HEIGHTS,,,,,38.1892384,-85.7667247,8.354,8/25/2011,0720,2,1,0,1,CLEAR,DRY,FALSE,COLLISION WITH PEDESTRIAN IN INTERSECTION,SINGLE VEHICLE,STRAIGHT & LEVEL,DAYLIGHT,,,40781.49179,FALSE,7713,Accepted
12184,0568000,LOUISVILLE METRO POLICE DEPT,Accepted,JEFFERSON,KY1020,1449,3RD,ST,S,,,,,,,38.2271438,-85.7600123,10.788,8/25/2011,0752,2,1,0,1,CLEAR,DRY,FALSE,OTHER ROADWAY OR MID-BLOCK COLLISION,SINGLE VEHICLE,STRAIGHT & LEVEL,DAYLIGHT,,,40781.49186,FALSE,2239,Accepted
31646,0568000,LOUISVILLE METRO POLICE DEPT,Accepted,JEFFERSON,,,SHELBY,ST,S,,,,FORREST,,MORGAN,38.22245,-85.74325,0.591,8/24/2011,0941,2,1,0,1,CLEAR,DRY,FALSE,COLLISION WITH PEDESTRIAN NON - INTERSECTION,SINGLE VEHICLE,STRAIGHT & LEVEL,DAYLIGHT,,,40780.32652,FALSE,2229,Accepted
196657,0568000,LOUISVILLE METRO POLICE DEPT,Accepted,JEFFERSON,,,ASHBY,LN,,,,,RANCHO,,CASA LANDA,38.1049996,-85.8751461,0.331,8/23/2011,0615,2,1,0,1,CLOUDY,DRY,FALSE,COLLISION WITH PEDESTRIAN NON - INTERSECTION,SINGLE VEHICLE,STRAIGHT & LEVEL,DARK-HWY LIGHTED/ON,,,40779.36667,FALSE,2443,Accepted
196650,0568000,LOUISVILLE METRO POLICE DEPT,Accepted,JEFFERSON,US0031E,,BARDSTOWN,RD,,,,,GOLDSMITH,,BELMONT,38.2079686,-85.6686014,11.738,8/22/2011,1713,2,1,0,1,CLEAR,DRY,FALSE,COLLISION WITH PEDESTRIAN NON - INTERSECTION,SINGLE VEHICLE,STRAIGHT & LEVEL,DAYLIGHT,,,40779.36626,FALSE,6138,Accepted
196645,0568000,LOUISVILLE METRO POLICE DEPT,Accepted,JEFFERSON,US0031W,3900,DIXIE,HWY,,,,,,,,38.15765,-85.8338833,12.555,8/21/2011,0605,2,1,1,1,CLEAR,DRY,FALSE,COLLISION WITH FIXED OBJECT NON - INTERSECTION - FIRST EVENT COLLISION 09 - 32 EXCLUDING 16,SINGLE VEHICLE,STRAIGHT & LEVEL,DARK-HWY NOT LIGHTED,,,40779.3659,FALSE,6379,Accepted
13551,0568000,LOUISVILLE METRO POLICE DEPT,Accepted,JEFFERSON,,40,WINIFREDE,LN,,,,,,,,38.2657896,-85.7056038,,8/20/2011,0119,2,1,0,1,CLEAR,DRY,FALSE,COLLISION IN PARKING LOT,SINGLE VEHICLE,STRAIGHT & LEVEL,DARK (UNKNOWN ROADWAY LIGHTING),,,40777.45003,FALSE,7804,Accepted
297347,0568000,LOUISVILLE METRO POLICE DEPT,Accepted,JEFFERSON,,,ROANOKE,AVE,,,,US0031E,BARDSTOWN,,FERNWOOD,38.2269131,-85.701413,0.097,8/19/2011,1431,2,1,0,1,CLOUDY,DRY,FALSE,COLLISION WITH PEDESTRIAN NON - INTERSECTION,SINGLE VEHICLE,STRAIGHT & LEVEL,DAYLIGHT,,,40777.4088,FALSE,2999,Accepted
365414,0568000,LOUISVILLE METRO POLICE DEPT,Accepted,JEFFERSON,,,32ND,ST,S,,GRAND,,,,,38.2414745,-85.8064498,1.026,8/13/2011,2123,2,1,0,1,CLOUDY,DRY,FALSE,COLLISION WITH PEDESTRIAN IN INTERSECTION,SINGLE VEHICLE,STRAIGHT & LEVEL,DARK-HWY LIGHTED/ON,,,40770.41361,FALSE,6886,Accepted
379478,0568000,LOUISVILLE METRO POLICE DEPT,Accepted,JEFFERSON,,,DIXIE,HWY,,,BURNETT,,,,,38.2301622,-85.7896283,1.364,8/13/2011,1452,2,1,0,1,CLEAR,DRY,FALSE,COLLISION WITH PEDESTRIAN IN INTERSECTION,SINGLE VEHICLE,STRAIGHT & LEVEL,DAYLIGHT,,,40770.41172,FALSE,2530,Accepted
32444,0568000,LOUISVILLE METRO POLICE DEPT,Accepted,JEFFERSON,,5014,POPLAR LEVEL,RD,,,,,,,,38.1646819,-85.6798057,,8/11/2011,1726,2,1,0,1,CLEAR,DRY,FALSE,COLLISION IN PARKING LOT,SINGLE VEHICLE,STRAIGHT & LEVEL,DAYLIGHT,,,40767.41021,TRUE,7532,Accepted
283367,0568000,LOUISVILLE METRO POLICE DEPT,Accepted,JEFFERSON,,,34TH,ST,N,,ALFORD,,,,,38.2662832,-85.8062005,0.432,8/10/2011,1309,2,1,0,1,CLEAR,DRY,FALSE,COLLISION WITH PEDESTRIAN IN INTERSECTION,SINGLE VEHICLE,STRAIGHT & LEVEL,DAYLIGHT,,,40766.36682,FALSE,2103,Accepted
194587,0568000,LOUISVILLE METRO POLICE DEPT,Accepted,JEFFERSON,KY1931,5203,GREENWOOD,RD,,,,,,,,38.1475285,-85.8947327,0.081,8/9/2011,1440,3,2,0,1,CLEAR,DRY,FALSE,1 VEHICLE PARKED POSITION (NOT PARKING LOT/DRIVEWAY),HEAD ON,STRAIGHT & LEVEL,DAYLIGHT,,,40765.57369,FALSE,7764,Accepted
13487,0568000,LOUISVILLE METRO POLICE DEPT,Accepted,JEFFERSON,,,MUHAMMAD ALI,BLVD,W,,,,,,,38.2513192,-85.7591537,0.364,7/29/2011,0620,2,1,0,1,CLEAR,DRY,FALSE,COLLISION WITH PEDESTRIAN NON - INTERSECTION,SINGLE VEHICLE,STRAIGHT & LEVEL,DAWN,,,40757.40834,FALSE,6246,Accepted
390313,0568000,LOUISVILLE METRO POLICE DEPT,Accepted,JEFFERSON,US0060,,SHELBYVILLE,RD,,,,KY1932,BRECKENRIDGE,,MERIDIAN,38.2529146,-85.6553618,3.547,7/29/2011,0022,3,2,0,2,CLEAR,DRY,FALSE,SIDESWIPE COLLISION - SAME DIRECTION,SIDESWIPE-SAME DIRECTION,STRAIGHT & LEVEL,DARK-HWY LIGHTED/ON,,,40753.36735,TRUE,7669,Accepted
408595,0568000,LOUISVILLE METRO POLICE DEPT,Accepted,JEFFERSON,,,BROADWAY,,W,,,,35TH,,MADELON,38.2499415,-85.8097162,1.171,7/5/2011,1230,2,1,0,2,CLEAR,DRY,FALSE,COLLISION WITH PEDESTRIAN NON - INTERSECTION,SINGLE VEHICLE,STRAIGHT & LEVEL,DAYLIGHT,,,40731.40799,FALSE,7506,Accepted
270396,0568000,LOUISVILLE METRO POLICE DEPT,Accepted,JEFFERSON,I 0071,,,,,,,,,,,38.2589614,-85.7423001,0.972,7/4/2011,0940,3,2,0,1,RAINING,WET,FALSE,MULTIPLE VEHICLE COLLISION ON RAMP,ANGLE,CURVE & GRADE,DAYLIGHT,I 0071,I 0065,40730.3651,TRUE,2400,Accepted
23104848,0568000,LOUISVILLE METRO POLICE DEPT,Accepted,JEFFERSON,,,SALE,AVE,,,,,LESTER,US0060A,TAYLOR,38.1971864,-85.7852786,0.451,6/25/2011,0906,2,1,0,1,CLEAR,DRY,TRUE,OTHER ROADWAY OR MID-BLOCK COLLISION,SINGLE VEHICLE,STRAIGHT & LEVEL,DAYLIGHT,,,43175.53769,FALSE,2746,Accepted
388153,0568000,LOUISVILLE METRO POLICE DEPT,Accepted,JEFFERSON,US0060A,,BERRY,BLVD,,,,,POWELL,,WHEELER,38.1965242,-85.790115,1.07,6/13/2011,2310,2,1,0,1,CLEAR,DRY,FALSE,COLLISION WITH PEDESTRIAN NON - INTERSECTION,SINGLE VEHICLE,STRAIGHT & LEVEL,DARK-HWY LIGHTED/ON,,,40709.4502,FALSE,7592,Accepted
392854,0568000,LOUISVILLE METRO POLICE DEPT,Accepted,JEFFERSON,,,DAHL,RD,,,,KY0864,POPLAR LEVEL,,VIM,38.1810409,-85.6965675,0.038,6/8/2011,2126,2,1,0,1,CLEAR,DRY,FALSE,COLLISION WITH PEDESTRIAN NON - INTERSECTION,SINGLE VEHICLE,STRAIGHT & LEVEL,DARK-HWY LIGHTED/ON,,,40707.36682,FALSE,6138,Accepted
201031,0568000,LOUISVILLE METRO POLICE DEPT,Accepted,JEFFERSON,KY0061,,PRESTON,HWY,,,,,PIGEON PASS,,ROSE,38.1758529,-85.7140156,6.985,6/7/2011,2242,2,1,1,0,CLEAR,DRY,FALSE,COLLISION WITH PEDESTRIAN NON - INTERSECTION,SINGLE VEHICLE,STRAIGHT & LEVEL,DARK-HWY LIGHTED/ON,,,40721.36579,FALSE,2323,Accepted
196504,0568000,LOUISVILLE METRO POLICE DEPT,Accepted,JEFFERSON,I 0064,,I64 W,,,,,I 0064,I71 N,I 0064,I64 W EXIT7 ON RAMP FROM STORY AVE,38.2611268,-85.7255891,6.049,5/20/2011,1417,2,1,0,1,CLEAR,DRY,FALSE,COLLISION WITH PEDESTRIAN NON - INTERSECTION,SINGLE VEHICLE,CURVE & LEVEL,DAYLIGHT,,,40687.36793,FALSE,7522,Accepted
197091,0568000,LOUISVILLE METRO POLICE DEPT,Accepted,JEFFERSON,KY1932,,BRECKENRIDGE,LN,,,KROMER,,,,,38.1873955,-85.626013,0.428,5/20/2011,2005,2,1,0,1,CLEAR,DRY,FALSE,COLLISION WITH PEDESTRIAN IN INTERSECTION,SINGLE VEHICLE,STRAIGHT & LEVEL,DUSK,,,40687.36972,FALSE,2429,Accepted
669906,0568000,LOUISVILLE METRO POLICE DEPT,Accepted,JEFFERSON,,,27TH,ST,S,,,,,,,38.2495185,-85.796589,0.463,5/17/2011,0138,2,1,0,1,CLEAR,DRY,TRUE,COLLISION WITH PEDESTRIAN NON - INTERSECTION,SINGLE VEHICLE,STRAIGHT & LEVEL,DARK-HWY LIGHTED/OFF,,,40681.32688,FALSE,7679,Accepted
227241,0568000,LOUISVILLE METRO POLICE DEPT,Accepted,JEFFERSON,,4222,WHEELER,AVE,,,,,,,,38.1781171,-85.7899438,0.941,5/11/2011,1912,2,1,0,1,CLEAR,DRY,TRUE,COLLISION WITH PEDESTRIAN NON - INTERSECTION,SINGLE VEHICLE,STRAIGHT & LEVEL,DAYLIGHT,,,40675.45308,FALSE,7771,Accepted
394537,0568000,LOUISVILLE METRO POLICE DEPT,Accepted,JEFFERSON,KY0061,,,,,,,,,,,38.1109691,-85.6777896,0.259,5/3/2011,2238,2,1,1,0,CLEAR,DRY,FALSE,OTHER RAMP RELATED COLLISIONS NOT LISTED ABOVE,SINGLE VEHICLE,CURVE & GRADE,DARK-HWY LIGHTED/ON,KY0061,I 0265,40667.45593,FALSE,6886,Accepted
54088,0568000,LOUISVILLE METRO POLICE DEPT,Accepted,JEFFERSON,KY2251,3603,BARDSTOWN,RD,,,,,,,,38.1999518,-85.6614556,0,4/20/2011,1313,2,1,0,1,CLOUDY,DRY,FALSE,COLLISION WITH PEDESTRIAN NON - INTERSECTION,SINGLE VEHICLE,STRAIGHT & LEVEL,DAYLIGHT,,,40653.66076,FALSE,6937,Accepted
407090,0568000,LOUISVILLE METRO POLICE DEPT,Accepted,JEFFERSON,,4232,CANE RUN,RD,,,,,,,,38.1997168,-85.8368806,,4/18/2011,0826,2,1,0,1,CLEAR,DRY,FALSE,COLLISION IN PARKING LOT,SINGLE VEHICLE,STRAIGHT & LEVEL,DAYLIGHT,,,40653.3695,FALSE,2431,Accepted
264111,0568000,LOUISVILLE METRO POLICE DEPT,Accepted,JEFFERSON,,,HIKES,LN,,,,,HUNSINGER,KY1932,BRECKENRIDGE,38.2184722,-85.6280186,3.073,4/18/2011,1220,7,6,1,1,CLEAR,DRY,FALSE,SIDESWIPE COLLISION - SAME DIRECTION,SIDESWIPE-SAME DIRECTION,STRAIGHT & LEVEL,DAYLIGHT,,,40658.3688,FALSE,2307,Accepted
347179,0568000,LOUISVILLE METRO POLICE DEPT,Accepted,JEFFERSON,,,TRAIL RIDGE,RD,,,,,RIDGE TOP,,WIND RIDGE,38.3041897,-85.6209672,0.248,4/9/2011,1630,2,1,1,0,CLEAR,DRY,FALSE,COLLISION WITH PEDESTRIAN NON - INTERSECTION,SINGLE VEHICLE,STRAIGHT & GRADE,DAYLIGHT,,,40651.3681,FALSE,6964,Accepted
11582561,0568000,LOUISVILLE METRO POLICE DEPT,Accepted,JEFFERSON,KY0155,,TAYLORSVILLE,RD,,,,,,,,38.2213799,-85.6496359,14.595,4/8/2011,0928,2,1,1,0,CLOUDY,DRY,FALSE,COLLISION WITH PEDESTRIAN NON - INTERSECTION,SINGLE VEHICLE,STRAIGHT & LEVEL,DAYLIGHT,,,40644.49375,FALSE,2239,Accepted
193535,0568000,LOUISVILLE METRO POLICE DEPT,Accepted,JEFFERSON,KY1447,9501,WESTPORT,RD,,,,,,,,38.2871434,-85.5735112,5.166,4/1/2011,1450,2,1,0,1,CLOUDY,DRY,FALSE,COLLISION WITH PEDESTRIAN NON - INTERSECTION,SINGLE VEHICLE,STRAIGHT & LEVEL,DAYLIGHT,,,40637.36983,FALSE,7759,Accepted
11839783,0568000,LOUISVILLE METRO POLICE DEPT,Accepted,JEFFERSON,,,BROOK,ST,S,,LIBERTY,,,,,38.25235,-85.75061667,3.572,3/24/2011,1015,2,1,0,2,CLOUDY,DRY,FALSE,COLLISION WITH PEDESTRIAN IN INTERSECTION,SINGLE VEHICLE,STRAIGHT & LEVEL,DAYLIGHT,,,40627.62074,FALSE,2239,Accepted
10634124,0568000,LOUISVILLE METRO POLICE DEPT,Accepted,JEFFERSON,,,WELLINGTON,AVE,W,KY1020,SOUTHERN,,,,,38.1841066,-85.7676235,0.001,3/21/2011,1443,2,1,0,1,CLOUDY,DRY,FALSE,COLLISION WITH PEDESTRIAN IN INTERSECTION,SINGLE VEHICLE,STRAIGHT & LEVEL,DAYLIGHT,,,40624.40918,FALSE,2112,Accepted
11902394,0560400,SHIVELY POLICE DEPARTMENT,Accepted,JEFFERSON,KY2051,,ROCKFORD,LN,,,TREE ISLAND,,,,,38.1758458,-85.8292829,0.342,3/17/2011,2118,2,1,0,1,CLOUDY,DRY,FALSE,COLLISION WITH PEDESTRIAN IN INTERSECTION,SINGLE VEHICLE,STRAIGHT & LEVEL,DARK-HWY LIGHTED/OFF,,,40621.82505,FALSE,7102,Accepted