IncidentId,AgencyORI,AgencyName,IncidentStatusDesc,County,RdwyNumber,Street,RoadwayName,StreetSfx,StreetDir,IntersectionRdwy,IntersectionRdwyName,BetweenStRdwy1,BetweenStRdwyName1,BetweenStRdwy2,BetweenStRdwyName2,Latitude,Longitude,Milepoint,CollisionDate,CollisionTime,UnitsInvolved,MotorVehiclesInvolved,NumberKilled,NumberInjured,Weather,RdwyConditionCode,HitandRun,DirAnalysisCode,MannerofCollision,RdwyCharacter,LightCondition,RampFromRdwyId,RampToRdwyId,AcceptedDate,IsSecondaryCollision,OwnerBadge,IncidentStatus
9883794,0568000,LOUISVILLE METRO POLICE DEPT,Accepted,JEFFERSON,,,MUHAMMAD ALI,BLVD,,,38TH,,,,,38.25435,-85.80736667,,5/14/2010,1819,2,1,0,1,CLEAR,DRY,FALSE,COLLISION WITH PEDESTRIAN IN INTERSECTION,SINGLE VEHICLE,STRAIGHT & LEVEL,DAYLIGHT,,,40317.56046,FALSE,7584,Accepted
9912292,0568000,LOUISVILLE METRO POLICE DEPT,Accepted,JEFFERSON,,,MUHAMMAD ALI,BLVD,W,,4TH,,,,,38.251118,-85.7574851,0.273,5/8/2010,2253,3,1,0,2,CLOUDY,DRY,FALSE,COLLISION WITH PEDESTRIAN IN INTERSECTION,SINGLE VEHICLE,STRAIGHT & LEVEL,DARK-HWY LIGHTED/ON,,,40315.45384,FALSE,6964,Accepted
8221710,0568000,LOUISVILLE METRO POLICE DEPT,Accepted,JEFFERSON,,,CHEROKEE,RD,,KY2860,GRINSTEAD,,,,,38.2391854,-85.7195814,0.515,5/2/2010,1805,2,1,0,1,CLEAR,DRY,FALSE,COLLISION WITH PEDESTRIAN IN INTERSECTION,SINGLE VEHICLE,STRAIGHT & GRADE,DAYLIGHT,,,40302.49097,FALSE,2346,Accepted
8223823,0568000,LOUISVILLE METRO POLICE DEPT,Accepted,JEFFERSON,,3911,TAYLORSVILLE,RD,,,,,,,,38.2201434,-85.6298242,,4/30/2010,1523,2,1,0,1,CLEAR,DRY,FALSE,COLLISION IN PARKING LOT,SINGLE VEHICLE,STRAIGHT & LEVEL,DAYLIGHT,,,40301.3762,FALSE,6138,Accepted
8200226,0568000,LOUISVILLE METRO POLICE DEPT,Accepted,JEFFERSON,,,DIXIE,HWY,,,,,VORSTER,,BURWELL,38.2251493,-85.791766,1.729,4/30/2010,1132,2,1,0,2,CLEAR,DRY,FALSE,COLLISION WITH PEDESTRIAN NON - INTERSECTION,SINGLE VEHICLE,STRAIGHT & LEVEL,DAYLIGHT,,,40303.40772,FALSE,2898,Accepted
8083015,0561000,JEFFERSONTOWN POLICE DEPT,Accepted,JEFFERSON,,2410,PLANTSIDE,DR,,,,,,,,38.2103387,-85.5660534,,4/27/2010,0620,2,1,0,1,RAINING,WET,FALSE,COLLISION IN PARKING LOT,SINGLE VEHICLE,STRAIGHT & LEVEL,DARK-HWY LIGHTED/ON,,,40296.61613,FALSE,8269,Accepted
8204904,0561000,JEFFERSONTOWN POLICE DEPT,Accepted,JEFFERSON,KY1819,,BILLTOWN,RD,,,VINTAGE CREEK,,,,,38.1760766,-85.5728608,7.871,4/26/2010,0659,2,1,0,1,RAINING,WET,FALSE,COLLISION WITH PEDESTRIAN IN INTERSECTION,SINGLE VEHICLE,CURVE & LEVEL,DARK-HWY LIGHTED/ON,,,40294.65899,FALSE,8211,Accepted
8102268,0568000,LOUISVILLE METRO POLICE DEPT,Accepted,JEFFERSON,US0060A,,LEXINGTON,RD,,,,,MACON,,BAUER,38.2520092,-85.6599992,10.389,4/25/2010,1710,2,1,0,1,RAINING,WET,FALSE,COLLISION WITH PEDESTRIAN NON - INTERSECTION,SINGLE VEHICLE,STRAIGHT & LEVEL,DAYLIGHT,,,40294.60416,FALSE,7676,Accepted
10248778,0568000,LOUISVILLE METRO POLICE DEPT,Accepted,JEFFERSON,I 0264,,,,,,,,,,,38.224038,-85.6456576,17.321,4/14/2010,1920,2,1,0,1,CLEAR,DRY,FALSE,COLLISION WITH PEDESTRIAN NON - INTERSECTION,SINGLE VEHICLE,STRAIGHT & GRADE,DAYLIGHT,,,40284.42216,FALSE,6886,Accepted
10265150,0568000,LOUISVILLE METRO POLICE DEPT,Accepted,JEFFERSON,,,LEONARD,WAY,,,,,NEW MAPLE,,HERRON,38.1165885,-85.6468937,0.014,4/9/2010,1310,2,1,0,1,CLEAR,DRY,FALSE,COLLISION WITH PEDESTRIAN NON - INTERSECTION,SINGLE VEHICLE,STRAIGHT & LEVEL,DAYLIGHT,,,40277.70016,FALSE,6824,Accepted
10275511,0568000,LOUISVILLE METRO POLICE DEPT,Accepted,JEFFERSON,US0042,,STORY,AVE,,,,,CABEL,,BICKEL,38.2560012,-85.727954,0.276,4/8/2010,0901,2,1,0,1,CLOUDY,DRY,FALSE,COLLISION WITH PEDESTRIAN NON - INTERSECTION,SINGLE VEHICLE,STRAIGHT & LEVEL,DAYLIGHT,,,40282.40916,FALSE,2816,Accepted
10310743,0568000,LOUISVILLE METRO POLICE DEPT,Accepted,JEFFERSON,I 0265,,,,,,,,,,,38.1104333,-85.68145,11.388,4/8/2010,2055,2,1,0,1,CLEAR,DRY,FALSE,COLLISION WITH PEDESTRIAN NON - INTERSECTION,SINGLE VEHICLE,STRAIGHT & GRADE,DARK-HWY LIGHTED/ON,,,40277.49134,FALSE,2323,Accepted
10116900,0568000,LOUISVILLE METRO POLICE DEPT,Accepted,JEFFERSON,,2419,BROADWAY,,W,,,,,,,38.2493732,-85.7933225,0.278,4/4/2010,0230,2,1,1,0,CLEAR,DRY,TRUE,COLLISION WITH PEDESTRIAN NON - INTERSECTION,SINGLE VEHICLE,STRAIGHT & LEVEL,DARK-HWY LIGHTED/ON,,,40273.61668,FALSE,2239,Accepted
10116888,0568000,LOUISVILLE METRO POLICE DEPT,Accepted,JEFFERSON,KY1931,,GREENWOOD,RD,,,,,DAFFODIL,,COLUMBINE,38.1444116,-85.8617202,1.929,4/3/2010,2054,2,1,0,1,CLEAR,DRY,FALSE,COLLISION WITH PEDESTRIAN NON - INTERSECTION,SINGLE VEHICLE,STRAIGHT & LEVEL,DARK-HWY NOT LIGHTED,,,40273.61653,FALSE,7772,Accepted
10152021,0568000,LOUISVILLE METRO POLICE DEPT,Accepted,JEFFERSON,,,JOHNSONTOWN,RD,,,,,ARISTIDES,KY1727,TERRY,38.1218407,-85.8756352,1.088,3/30/2010,0154,2,1,0,1,CLEAR,DRY,FALSE,COLLISION WITH PEDESTRIAN NON - INTERSECTION,SINGLE VEHICLE,STRAIGHT & LEVEL,DARK-HWY NOT LIGHTED,,,40267.36906,FALSE,6531,Accepted
10137635,0568000,LOUISVILLE METRO POLICE DEPT,Accepted,JEFFERSON,KY2052,,SHEPHERDSVILLE,RD,,KY0864,POPLAR LEVEL,,,,,38.1601684,-85.6599212,1.488,3/28/2010,2016,2,1,0,1,RAINING,WET,FALSE,COLLISION WITH PEDESTRIAN IN INTERSECTION,SINGLE VEHICLE,STRAIGHT & LEVEL,DARK-HWY LIGHTED/ON,,,40266.73163,FALSE,2382,Accepted
10114521,0568000,LOUISVILLE METRO POLICE DEPT,Accepted,JEFFERSON,,,GILMORE,LN,,,,,BLUEBIRD,,WARBLER,38.1778655,-85.7076701,0.359,3/26/2010,2036,2,1,0,1,CLEAR,DRY,TRUE,COLLISION WITH PEDESTRIAN NON - INTERSECTION,SINGLE VEHICLE,STRAIGHT & LEVEL,DARK-HWY LIGHTED/OFF,,,40266.71963,FALSE,6138,Accepted
10142533,0568000,LOUISVILLE METRO POLICE DEPT,Accepted,JEFFERSON,,,10TH,ST,S,,,,,,,38.2464,-85.7685,,3/20/2010,0957,2,1,0,1,CLEAR,DRY,FALSE,COLLISION IN PARKING LOT,SINGLE VEHICLE,STRAIGHT & GRADE,DAYLIGHT,,,40267.36541,FALSE,2323,Accepted
8225268,0566400,HURSTBOURNE ACRES PD,Accepted,JEFFERSON,KY1747,,HURSTBOURNE,PKWY,S,,BUNSEN,,,,,38.2189058,-85.5841381,11.459,3/16/2010,1830,2,1,0,1,CLEAR,DRY,FALSE,COLLISION WITH PEDESTRIAN IN INTERSECTION,SINGLE VEHICLE,STRAIGHT & LEVEL,DUSK,,,40308.44209,FALSE,9205,Accepted
9982281,0568000,LOUISVILLE METRO POLICE DEPT,Accepted,JEFFERSON,,2000,4TH,ST,S,,,,,,,38.2169263,-85.7634957,2.764,3/11/2010,1707,2,1,0,1,RAINING,WET,FALSE,COLLISION WITH PEDESTRIAN NON - INTERSECTION,SINGLE VEHICLE,STRAIGHT & LEVEL,DAYLIGHT,,,40249.65718,FALSE,7683,Accepted
9987215,0568000,LOUISVILLE METRO POLICE DEPT,Accepted,JEFFERSON,KY0155,,TAYLORSVILLE,RD,,,,,WALLACE,,DOUP,38.2236434,-85.6821595,16.397,3/9/2010,1130,2,1,0,1,CLEAR,DRY,FALSE,COLLISION WITH PEDESTRIAN NON - INTERSECTION,SINGLE VEHICLE,CURVE & GRADE,DAYLIGHT,,,40249.65861,FALSE,2034,Accepted
9794934,0568000,LOUISVILLE METRO POLICE DEPT,Accepted,JEFFERSON,,,INDIAN,TRL,E,,,,LODEMA,,INDIAN OAKS,38.1708814,-85.6876841,1.048,2/28/2010,0150,2,1,1,0,CLEAR,DRY,TRUE,COLLISION WITH PEDESTRIAN NON - INTERSECTION,SINGLE VEHICLE,STRAIGHT & LEVEL,DARK-HWY LIGHTED/ON,,,40239.3669,FALSE,6246,Accepted
9699750,0568000,LOUISVILLE METRO POLICE DEPT,Accepted,JEFFERSON,I 0065,,,,,,,,,,,38.1919341,-85.7294913,1.205,2/24/2010,2215,2,1,0,1,SNOWING,SNOW/SLUSH,FALSE,OTHER RAMP RELATED COLLISIONS NOT LISTED ABOVE,SINGLE VEHICLE,CURVE & HILLCREST,DARK-HWY LIGHTED/ON,I 0065,I 0264,40234.58021,FALSE,7564,Accepted
9695528,0568000,LOUISVILLE METRO POLICE DEPT,Accepted,JEFFERSON,,,6TH,ST,S,,,,ORMSBY,,OAK,38.234902,-85.7637165,1.537,2/24/2010,1609,2,1,0,1,CLOUDY,DRY,FALSE,COLLISION WITH PEDESTRIAN NON - INTERSECTION,SINGLE VEHICLE,STRAIGHT & LEVEL,DAYLIGHT,,,40234.57896,FALSE,7545,Accepted
9680181,0568000,LOUISVILLE METRO POLICE DEPT,Accepted,JEFFERSON,,,MARENGO,DR,,,,,MEADOW,,EVERGREEN,38.2406332,-85.5284444,0.174,2/13/2010,1916,2,1,0,1,CLOUDY,DRY,FALSE,COLLISION WITH PEDESTRIAN NON - INTERSECTION,SINGLE VEHICLE,STRAIGHT & HILLCREST,DARK-HWY NOT LIGHTED,,,40226.42544,FALSE,6964,Accepted
9408646,0568000,LOUISVILLE METRO POLICE DEPT,Accepted,JEFFERSON,US0031W,,DIXIE,HWY,,,,,,,,38.1273564,-85.8503309,10.264,1/28/2010,1354,2,1,0,1,CLEAR,DRY,FALSE,COLLISION WITH PEDESTRIAN NON - INTERSECTION,SINGLE VEHICLE,STRAIGHT & LEVEL,DAYLIGHT,,,40207.36817,FALSE,6010,Accepted
9370068,0561000,JEFFERSONTOWN POLICE DEPT,Accepted,JEFFERSON,,1920,WATTERSON,TRL,,,,,,,,38.2196978,-85.5545308,,1/26/2010,1506,3,2,0,1,CLOUDY,WET,FALSE,COLLISION IN PARKING LOT,BACKING,STRAIGHT & GRADE,DAYLIGHT,,,40204.74057,TRUE,8211,Accepted
9515521,0568000,LOUISVILLE METRO POLICE DEPT,Accepted,JEFFERSON,,,LIBERTY,ST,W,KY1020,2ND,,,,,38.2526986,-85.753847,0.789,1/22/2010,1302,2,1,0,1,CLOUDY,DRY,FALSE,COLLISION WITH PEDESTRIAN IN INTERSECTION,SINGLE VEHICLE,STRAIGHT & LEVEL,DAYLIGHT,,,40217.49001,FALSE,2816,Accepted
9444848,0568000,LOUISVILLE METRO POLICE DEPT,Accepted,JEFFERSON,,,JEFFERSON,ST,,,5TH,,,,,38.25603333,-85.77165,,1/20/2010,1330,2,1,0,1,RAINING,WET,FALSE,COLLISION WITH PEDESTRIAN IN INTERSECTION,ANGLE,STRAIGHT & LEVEL,DAYLIGHT,,,40203.59834,FALSE,2786,Accepted
10003470,0568000,LOUISVILLE METRO POLICE DEPT,Accepted,JEFFERSON,KY0146,,NEW LA GRANGE,RD,,,,,WASHBURN,,KENTUCKY,38.25388333,-85.61258333,0.413,1/17/2010,1824,6,2,2,2,FOG WITH RAIN,WET,FALSE,COLLISION WITH PEDESTRIAN NON - INTERSECTION,REAR END,STRAIGHT & LEVEL,DARK-HWY LIGHTED/OFF,,,40206.40817,TRUE,6246,Accepted
9307077,0560400,SHIVELY POLICE DEPARTMENT,Accepted,JEFFERSON,KY2049,,CRUMS,LN,,,VALLEY VIEW,,,,,38.1927462,-85.809093,1.643,1/11/2010,1443,2,1,0,1,CLEAR,DRY,FALSE,COLLISION WITH PEDESTRIAN IN INTERSECTION,SINGLE VEHICLE,STRAIGHT & LEVEL,DAYLIGHT,,,40190.45106,FALSE,7002,Accepted
9265842,0568000,LOUISVILLE METRO POLICE DEPT,Accepted,JEFFERSON,KY0061,,PRESTON,HWY,,,,,OLD FERN VALLEY,KY1747,FERN VALLEY,38.1558847,-85.6964152,5.275,1/8/2010,1938,2,1,1,0,SNOWING,WET,FALSE,COLLISION WITH PEDESTRIAN NON - INTERSECTION,SINGLE VEHICLE,STRAIGHT & LEVEL,DARK-HWY NOT LIGHTED,,,40189.41073,FALSE,6964,Accepted
9443754,0568000,LOUISVILLE METRO POLICE DEPT,Accepted,JEFFERSON,,,HUNSINGER,LN,,,,,HIKES,,PAMELA,38.21731667,-85.6241,0.19,1/5/2010,2137,2,1,1,0,CLEAR,DRY,FALSE,COLLISION WITH PEDESTRIAN NON - INTERSECTION,SINGLE VEHICLE,STRAIGHT & LEVEL,DARK-HWY NOT LIGHTED,,,40184.41404,FALSE,6379,Accepted
11571705,0568000,LOUISVILLE METRO POLICE DEPT,Accepted,JEFFERSON,US0060A,,BERRY,BLVD,,,GEORGETOWN,,,,,38.1966134,-85.7933172,0.898,1/5/2010,0051,2,1,0,1,CLEAR,DRY,FALSE,COLLISION WITH PEDESTRIAN IN INTERSECTION,SINGLE VEHICLE,STRAIGHT & LEVEL,DARK-HWY LIGHTED/ON,,,40548.36929,FALSE,7734,Accepted
9195223,0568000,LOUISVILLE METRO POLICE DEPT,Accepted,JEFFERSON,,300,WENZEL,ST,S,,,,,,,38.25046667,-85.73393333,,1/1/2010,0054,2,1,0,1,CLEAR,DRY,FALSE,COLLISION WITH PEDESTRIAN NON - INTERSECTION,HEAD ON,STRAIGHT & LEVEL,DARK-HWY NOT LIGHTED,,,40183.33487,FALSE,7786,Accepted
9234978,0568000,LOUISVILLE METRO POLICE DEPT,Accepted,JEFFERSON,,,APPLEGATE,LN,,,SMYRNA,,,,,38.1317101,-85.6429044,0.913,1/1/2010,0331,2,1,0,1,CLEAR,DRY,TRUE,COLLISION WITH PEDESTRIAN IN INTERSECTION,SINGLE VEHICLE,STRAIGHT & LEVEL,DARK-HWY LIGHTED/ON,,,40182.45875,FALSE,6712,Accepted
9122681,0568000,LOUISVILLE METRO POLICE DEPT,Accepted,JEFFERSON,,,PARK,RD,S,,,,,,,38.1165517,-85.6913474,0.798,12/27/2009,1850,2,1,0,1,BLOWING SAND/SOIL/DIRT/SNOW,WET,FALSE,COLLISION WITH PEDESTRIAN NON - INTERSECTION,SINGLE VEHICLE,STRAIGHT & LEVEL,DARK-HWY NOT LIGHTED,,,40175.43824,FALSE,7782,Accepted
9148566,0568000,LOUISVILLE METRO POLICE DEPT,Accepted,JEFFERSON,,,WOOD,RD,,,,,DALE,,CAPELLA,38.1499245,-85.8760772,0.343,12/20/2009,2100,3,2,0,1,SNOWING,WET,FALSE,1 VEHICLE PARKED POSITION (NOT PARKING LOT/DRIVEWAY),ANGLE,STRAIGHT & GRADE,DARK-HWY LIGHTED/ON,,,40175.41148,FALSE,2063,Accepted
9273770,0568000,LOUISVILLE METRO POLICE DEPT,Accepted,JEFFERSON,KY0061,,PRESTON,HWY,,,MCCAWLEY,,,,,38.1447644,-85.6902309,4.427,12/16/2009,0700,2,1,0,1,CLEAR,DRY,FALSE,COLLISION WITH PEDESTRIAN IN INTERSECTION,SINGLE VEHICLE,STRAIGHT & LEVEL,DARK-HWY LIGHTED/ON,,,40164.57666,FALSE,2102,Accepted
9255427,0568000,LOUISVILLE METRO POLICE DEPT,Accepted,JEFFERSON,US0060,,SHELBYVILLE,RD,,,,,,,,38.2483844,-85.5306456,10.44,12/15/2009,2200,2,1,0,1,CLOUDY,DRY,TRUE,COLLISION WITH PEDESTRIAN NON - INTERSECTION,SINGLE VEHICLE,STRAIGHT & GRADE,DARK-HWY LIGHTED/ON,,,40175.41006,FALSE,2400,Accepted
9048385,0568000,LOUISVILLE METRO POLICE DEPT,Accepted,JEFFERSON,KY0841,,,,,,,,,,,38.1205385,-85.7779451,6.005,12/7/2009,0605,3,2,0,1,RAINING,ICE,FALSE,1 VEHICLE PARKED POSITION (NOT PARKING LOT/DRIVEWAY),SIDESWIPE-SAME DIRECTION,CURVE & GRADE,DARK-HWY NOT LIGHTED,,,40157.36851,FALSE,6379,Accepted
9031135,0568000,LOUISVILLE METRO POLICE DEPT,Accepted,JEFFERSON,,,26TH,ST,N,,SLEVIN,,,,,38.2658081,-85.7930533,0.351,12/2/2009,1920,2,1,0,1,RAINING,WET,TRUE,COLLISION WITH PEDESTRIAN IN INTERSECTION,SINGLE VEHICLE,STRAIGHT & LEVEL,DARK-HWY LIGHTED/ON,,,40150.542,FALSE,7837,Accepted
9138180,0568000,LOUISVILLE METRO POLICE DEPT,Accepted,JEFFERSON,,8211,TOLLS,LN,,,,,,,,38.1297706,-85.7568132,,11/21/2009,0404,2,1,0,1,CLEAR,WET,TRUE,COLLISION IN PARKING LOT,SINGLE VEHICLE,STRAIGHT & LEVEL,DARK-HWY NOT LIGHTED,,,40140.59203,FALSE,7732,Accepted
8987300,0568000,LOUISVILLE METRO POLICE DEPT,Accepted,JEFFERSON,US0031E,,BAXTER,AVE,,,ROGERS,,,,,38.2454158,-85.7283162,16.037,11/20/2009,1828,2,1,1,0,CLEAR,DRY,TRUE,COLLISION WITH PEDESTRIAN IN INTERSECTION,SINGLE VEHICLE,STRAIGHT & LEVEL,DARK-HWY LIGHTED/ON,,,40141.57581,FALSE,6561,Accepted
8956656,0568000,LOUISVILLE METRO POLICE DEPT,Accepted,JEFFERSON,,,ENTERPRISE,DR,,KY1020,NATIONAL,,,,,38.1473654,-85.7594275,0,11/20/2009,1100,2,1,0,1,CLEAR,DRY,TRUE,COLLISION WITH PEDESTRIAN IN INTERSECTION,SINGLE VEHICLE,STRAIGHT & LEVEL,DAYLIGHT,,,40140.4786,FALSE,6010,Accepted
8989580,0568000,LOUISVILLE METRO POLICE DEPT,Accepted,JEFFERSON,US0031E,,BARDSTOWN,RD,,,,,,,,38.175105,-85.6152296,7.941,11/14/2009,0452,2,1,0,1,CLEAR,DRY,FALSE,COLLISION WITH PEDESTRIAN NON - INTERSECTION,SINGLE VEHICLE,STRAIGHT & LEVEL,DARK-HWY NOT LIGHTED,,,40136.33243,FALSE,2239,Accepted
8900085,0560400,SHIVELY POLICE DEPARTMENT,Accepted,JEFFERSON,US0031W,,DIXIE,HWY,,,GARRS,,,,,38.189398,-85.8099777,15.107,11/6/2009,0750,2,1,0,1,CLEAR,DRY,FALSE,COLLISION WITH PEDESTRIAN IN INTERSECTION,SINGLE VEHICLE,STRAIGHT & LEVEL,DAYLIGHT,,,40127.33307,FALSE,7002,Accepted
8918862,0568000,LOUISVILLE METRO POLICE DEPT,Accepted,JEFFERSON,KY2860,,GRINSTEAD,DR,,,CHEROKEE,,,,,38.23928333,-85.70323333,,11/1/2009,0409,2,1,0,1,CLEAR,DRY,FALSE,COLLISION WITH PEDESTRIAN IN INTERSECTION,HEAD ON,STRAIGHT & LEVEL,DARK-HWY LIGHTED/ON,,,40122.50527,FALSE,7824,Accepted
8812195,0568000,LOUISVILLE METRO POLICE DEPT,Accepted,JEFFERSON,,,HILLCREST,AVE,,,,,REBEL,US0042,BROWNSBORO,38.261344,-85.6864454,0.49,10/31/2009,1944,2,1,0,1,CLEAR,DRY,FALSE,COLLISION WITH PEDESTRIAN NON - INTERSECTION,SINGLE VEHICLE,STRAIGHT & GRADE,DARK-HWY NOT LIGHTED,,,40119.46088,FALSE,7638,Accepted
8862649,0568000,LOUISVILLE METRO POLICE DEPT,Accepted,JEFFERSON,,,HANCOCK,ST,S,,,,JACOB,,FINZER,38.243355,-85.7438424,0.811,10/30/2009,1900,2,1,0,1,CLOUDY,DRY,FALSE,COLLISION WITH PEDESTRIAN NON - INTERSECTION,SINGLE VEHICLE,STRAIGHT & LEVEL,DAYLIGHT,,,40119.41737,FALSE,7655,Accepted
8824255,0568000,LOUISVILLE METRO POLICE DEPT,Accepted,JEFFERSON,KY1865,,TAYLOR,BLVD,,,,,SEELBACH,I 0264,I264 E EXIT9 ON RAMP FROM KY1865 S,38.1880216,-85.7835912,5.626,10/28/2009,0725,2,1,0,1,RAINING,WET,FALSE,COLLISION WITH PEDESTRIAN NON - INTERSECTION,SINGLE VEHICLE,CURVE & LEVEL,DARK-HWY LIGHTED/ON,,,40115.46198,FALSE,7571,Accepted
8819391,0568000,LOUISVILLE METRO POLICE DEPT,Accepted,JEFFERSON,,,PAYNE,ST,,,SPRING,,,,,38.2515715,-85.7188692,0.769,10/27/2009,1645,2,1,0,1,RAINING,WET,FALSE,COLLISION WITH PEDESTRIAN IN INTERSECTION,SINGLE VEHICLE,STRAIGHT & LEVEL,DAYLIGHT,,,40114.41862,FALSE,2128,Accepted
8822577,0568000,LOUISVILLE METRO POLICE DEPT,Accepted,JEFFERSON,US0031E,,BAXTER,AVE,,,MORTON,,,,,38.2414264,-85.7252305,15.738,10/25/2009,0405,5,1,0,4,CLEAR,DRY,TRUE,COLLISION WITH PEDESTRIAN IN INTERSECTION,SINGLE VEHICLE,STRAIGHT & LEVEL,DARK-HWY LIGHTED/ON,,,40112.61549,FALSE,7835,Accepted
8786388,0568000,LOUISVILLE METRO POLICE DEPT,Accepted,JEFFERSON,US0031E,,BARDSTOWN,RD,,,,,GLENMARY FARM,,LONG HOME,38.1252578,-85.5745495,3.696,10/16/2009,1845,2,1,1,0,RAINING,WET,FALSE,COLLISION WITH PEDESTRIAN NON - INTERSECTION,SINGLE VEHICLE,STRAIGHT & LEVEL,DARK-HWY NOT LIGHTED,,,40112.55332,FALSE,6964,Accepted
8782848,0568000,LOUISVILLE METRO POLICE DEPT,Accepted,JEFFERSON,US0150,,BROADWAY,,W,,10TH,,,,,38.247106,-85.7683224,1.831,10/14/2009,1400,2,1,0,1,RAINING,WET,FALSE,COLLISION WITH PEDESTRIAN IN INTERSECTION,SINGLE VEHICLE,STRAIGHT & LEVEL,DAYLIGHT,,,40102.40932,FALSE,2816,Accepted
8675551,0568000,LOUISVILLE METRO POLICE DEPT,Accepted,JEFFERSON,,,LAMPTON,ST,,,,,SIMON,,WATERMAN,38.2418841,-85.7454039,0.146,10/9/2009,1707,2,1,0,1,RAINING,WET,FALSE,COLLISION WITH PEDESTRIAN NON - INTERSECTION,SINGLE VEHICLE,STRAIGHT & LEVEL,DAYLIGHT,,,40100.49517,FALSE,2307,Accepted
8751406,0568000,LOUISVILLE METRO POLICE DEPT,Accepted,JEFFERSON,KY1020,,3RD,ST,S,,JEFFERSON,,,,,38.25388333,-85.75531667,12.654,10/9/2009,1941,2,1,0,1,RAINING,WET,FALSE,COLLISION WITH PEDESTRIAN IN INTERSECTION,ANGLE,STRAIGHT & GRADE,DARK-HWY LIGHTED/ON,,,40102.56083,FALSE,7694,Accepted
8682030,0561000,JEFFERSONTOWN POLICE DEPT,Accepted,JEFFERSON,KY1747,,HURSTBOURNE,PKWY,S,,,,BLAIRWOOD,I 0064,I64 W EXIT15 ON RAMP FROM KY1747 S,38.2252211,-85.5781325,12.043,10/5/2009,2109,2,1,0,1,CLEAR,DRY,FALSE,COLLISION WITH PEDESTRIAN NON - INTERSECTION,SINGLE VEHICLE,STRAIGHT & LEVEL,DARK-HWY LIGHTED/ON,,,40092.78247,FALSE,8265,Accepted
8644227,0560300,ST. MATTHEWS POLICE DEPARTMENT,Accepted,JEFFERSON,,996,BRECKENRIDGE,LN,,,,,,,,38.2328715,-85.6392756,,9/27/2009,1734,2,1,0,1,CLEAR,DRY,FALSE,COLLISION IN PARKING LOT,SINGLE VEHICLE,STRAIGHT & LEVEL,DAYLIGHT,,,40083.86591,FALSE,9126,Accepted
8501225,0560300,ST. MATTHEWS POLICE DEPARTMENT,Accepted,JEFFERSON,US0060,,SHELBYVILLE,RD,,,,,SEARS,,THIERMAN,38.2520767,-85.6451967,4.115,9/21/2009,1315,2,1,0,1,CLOUDY,DRY,FALSE,COLLISION WITH PEDESTRIAN NON - INTERSECTION,SINGLE VEHICLE,STRAIGHT & LEVEL,DAYLIGHT,,,40077.7088,FALSE,9168,Accepted
8426234,0568000,LOUISVILLE METRO POLICE DEPT,Accepted,JEFFERSON,US0042,,BROWNSBORO,RD,,,,,MT HOLLY,,JANE,38.2585446,-85.7034848,1.749,9/21/2009,1615,3,2,0,1,CLOUDY,DRY,FALSE,COLLISION WITH PEDESTRIAN NON - INTERSECTION,SIDESWIPE-OPPOSITE DIRECTION,STRAIGHT & LEVEL,DAYLIGHT,,,40078.66632,FALSE,7638,Accepted
8461629,0568000,LOUISVILLE METRO POLICE DEPT,Accepted,JEFFERSON,US0031W,,22ND,ST,S,,,,,,,38.252796,-85.787573,19.809,9/14/2009,1754,2,1,0,1,CLEAR,DRY,FALSE,COLLISION WITH PEDESTRIAN NON - INTERSECTION,SINGLE VEHICLE,STRAIGHT & LEVEL,DAYLIGHT,,,40072.45265,FALSE,7694,Accepted