IncidentId,AgencyORI,AgencyName,IncidentStatusDesc,County,RdwyNumber,Street,RoadwayName,StreetSfx,StreetDir,IntersectionRdwy,IntersectionRdwyName,BetweenStRdwy1,BetweenStRdwyName1,BetweenStRdwy2,BetweenStRdwyName2,Latitude,Longitude,Milepoint,CollisionDate,CollisionTime,UnitsInvolved,MotorVehiclesInvolved,NumberKilled,NumberInjured,Weather,RdwyConditionCode,HitandRun,DirAnalysisCode,MannerofCollision,RdwyCharacter,LightCondition,RampFromRdwyId,RampToRdwyId,AcceptedDate,IsSecondaryCollision,OwnerBadge,IncidentStatus
8460517,0560300,ST. MATTHEWS POLICE DEPARTMENT,Accepted,JEFFERSON,,,ST MATTHEWS,AVE,,,,,KENNISON,,KENNISON,38.2571796,-85.6538217,0.332,9/13/2009,0140,2,1,0,1,CLEAR,DRY,TRUE,COLLISION WITH PEDESTRIAN NON - INTERSECTION,SINGLE VEHICLE,STRAIGHT & LEVEL,DARK-HWY LIGHTED/ON,,,40071.32877,FALSE,9127,Accepted
8407413,0568000,LOUISVILLE METRO POLICE DEPT,Accepted,JEFFERSON,KY1065,,OUTER LOOP,,,,,,,,,38.13787,-85.6726459,6.828,9/12/2009,2340,2,1,1,0,CLEAR,DRY,FALSE,COLLISION WITH PEDESTRIAN NON - INTERSECTION,SINGLE VEHICLE,STRAIGHT & LEVEL,DARK-HWY NOT LIGHTED,,,40073.7092,FALSE,6379,Accepted
8486568,0568000,LOUISVILLE METRO POLICE DEPT,Accepted,JEFFERSON,KY0061,,PRESTON,HWY,,,BOURBON,,,,,38.1956203,-85.7302256,8.61,9/9/2009,1646,2,1,0,1,CLEAR,DRY,FALSE,COLLISION WITH PEDESTRIAN IN INTERSECTION,SINGLE VEHICLE,STRAIGHT & LEVEL,DAYLIGHT,,,40070.4124,FALSE,6138,Accepted
8359008,0568000,LOUISVILLE METRO POLICE DEPT,Accepted,JEFFERSON,,,RANGELAND,RD,,,,,ROBINWOOD,,RIDGECREST,38.1647534,-85.6669851,0.845,9/6/2009,2148,2,1,1,0,CLOUDY,WET,TRUE,COLLISION WITH PEDESTRIAN NON - INTERSECTION,SINGLE VEHICLE,STRAIGHT & LEVEL,DARK-HWY NOT LIGHTED,,,40066.43095,FALSE,6886,Accepted
8324020,0568000,LOUISVILLE METRO POLICE DEPT,Accepted,JEFFERSON,US0031W,,DIXIE,HWY,,,CITATION,,,,,38.1132854,-85.8625137,9.087,8/29/2009,0119,2,1,0,1,CLOUDY,DRY,TRUE,COLLISION WITH PEDESTRIAN IN INTERSECTION,SINGLE VEHICLE,STRAIGHT & LEVEL,DARK-HWY LIGHTED/ON,,,40056.52233,FALSE,7843,Accepted
8713097,0568000,LOUISVILLE METRO POLICE DEPT,Accepted,JEFFERSON,,,GILLIGAN,ST,,,,,34TH,,HARDIN,38.2718474,-85.802492,1.005,8/29/2009,0225,3,2,0,1,CLOUDY,DRY,TRUE,COLLISION WITH PEDESTRIAN NON - INTERSECTION,ANGLE,STRAIGHT & LEVEL,DARK-HWY LIGHTED/ON,,,40056.52343,FALSE,7586,Accepted
8323567,0568000,LOUISVILLE METRO POLICE DEPT,Accepted,JEFFERSON,,9800,VALLEY FARMS,BLVD,,,,,,,,38.1115562,-85.8577256,0.066,8/25/2009,2301,2,1,0,1,CLEAR,DRY,FALSE,COLLISION WITH PEDESTRIAN NON - INTERSECTION,SINGLE VEHICLE,STRAIGHT & LEVEL,DARK-HWY LIGHTED/ON,,,40051.56075,FALSE,6010,Accepted
8325451,0568000,LOUISVILLE METRO POLICE DEPT,Accepted,JEFFERSON,,,POWELL,AVE,,,LONGFIELD,,,,,38.1986473,-85.7900697,0.206,8/20/2009,2230,3,2,0,1,CLEAR,DRY,FALSE,COLLISION WITH PEDESTRIAN IN INTERSECTION,REAR END,STRAIGHT & LEVEL,DARK-HWY LIGHTED/ON,,,40046.62946,FALSE,2314,Accepted
8289938,0568000,LOUISVILLE METRO POLICE DEPT,Accepted,JEFFERSON,I 0265,,,,,,,,,,,38.1762943,-85.5143548,22.075,8/20/2009,1552,2,1,0,1,CLEAR,DRY,FALSE,COLLISION WITH PEDESTRIAN NON - INTERSECTION,SINGLE VEHICLE,STRAIGHT & LEVEL,DAYLIGHT,,,40046.62623,FALSE,6561,Accepted
8320306,0568000,LOUISVILLE METRO POLICE DEPT,Accepted,JEFFERSON,US0031W,,DIXIE,HWY,,,,,,,,38.0061962,-85.9364243,0.486,8/18/2009,2306,2,1,1,0,CLOUDY,DRY,FALSE,COLLISION WITH PEDESTRIAN NON - INTERSECTION,SINGLE VEHICLE,STRAIGHT & LEVEL,DARK-HWY NOT LIGHTED,,,40046.61874,FALSE,2400,Accepted
8256182,0568000,LOUISVILLE METRO POLICE DEPT,Accepted,JEFFERSON,US0031W,,MARKET,ST,W,,,,4TH,US0031E,3RD,38.2552253,-85.7562379,21.887,8/10/2009,0545,2,1,0,1,CLEAR,DRY,FALSE,COLLISION WITH PEDESTRIAN NON - INTERSECTION,SINGLE VEHICLE,STRAIGHT & LEVEL,DAWN,,,40036.42067,FALSE,6832,Accepted
7909090,0568000,LOUISVILLE METRO POLICE DEPT,Accepted,JEFFERSON,US0031E,,MARKET,ST,E,KY0061,PRESTON,,,,,38.2540611,-85.746085,17.374,7/30/2009,1132,2,1,0,1,CLOUDY,WET,FALSE,COLLISION WITH PEDESTRIAN IN INTERSECTION,SINGLE VEHICLE,STRAIGHT & LEVEL,DAYLIGHT,,,40029.46214,FALSE,7620,Accepted
7905829,0568000,LOUISVILLE METRO POLICE DEPT,Accepted,JEFFERSON,KY1865,,TAYLOR,BLVD,,,BICKNELL,,,,,38.1830966,-85.7837722,5.284,7/29/2009,0815,3,2,0,3,RAINING,WET,FALSE,ANGLE COLLISION - BOTH VEHICLES GOING STRAIGHT,ANGLE,STRAIGHT & LEVEL,DAYLIGHT,,,40023.61848,TRUE,2874,Accepted
7908461,0568000,LOUISVILLE METRO POLICE DEPT,Accepted,JEFFERSON,,,34TH,ST,N,,,,DUNCAN,,ROWAN,38.2632074,-85.8065658,0.646,7/29/2009,1800,3,1,0,2,CLEAR,DRY,FALSE,COLLISION WITH PEDESTRIAN NON - INTERSECTION,SINGLE VEHICLE,STRAIGHT & LEVEL,DAYLIGHT,,,40024.45225,FALSE,7646,Accepted
7900882,0568000,LOUISVILLE METRO POLICE DEPT,Accepted,JEFFERSON,KY1450,,BLUE LICK,RD,,,,,FREEDOM,,MAYNARD,38.1129809,-85.6894877,1.945,7/25/2009,0412,2,1,0,1,CLOUDY,DRY,FALSE,COLLISION WITH PEDESTRIAN NON - INTERSECTION,SINGLE VEHICLE,STRAIGHT & LEVEL,DARK-HWY NOT LIGHTED,,,40021.57642,FALSE,6751,Accepted
7879810,0568000,LOUISVILLE METRO POLICE DEPT,Accepted,JEFFERSON,,,VERMONT,AVE,,,AMY,,,,,38.2563185,-85.8138833,0.724,7/24/2009,1900,4,2,0,4,CLEAR,DRY,FALSE,ANGLE COLLISION - BOTH VEHICLES GOING STRAIGHT,ANGLE,STRAIGHT & LEVEL,DAYLIGHT,,,40021.46677,TRUE,2167,Accepted
7886461,0568000,LOUISVILLE METRO POLICE DEPT,Accepted,JEFFERSON,US0031W,,MARKET,ST,W,,4TH,,,,,38.25518333,-85.75606667,21.896,7/22/2009,0730,2,1,0,1,BLOWING SAND/SOIL/DIRT/SNOW,WET,FALSE,COLLISION WITH PEDESTRIAN IN INTERSECTION,ANGLE,STRAIGHT & LEVEL,DAYLIGHT,,,40018.4044,FALSE,7586,Accepted
7965494,0568000,LOUISVILLE METRO POLICE DEPT,Accepted,JEFFERSON,KY1703,1821,NEWBURG,RD,,,,,SPEED,,RUTH,38.22211667,-85.68946667,,7/17/2009,1915,2,1,0,1,CLEAR,DRY,FALSE,COLLISION WITH PEDESTRIAN NON - INTERSECTION,ANGLE,STRAIGHT & LEVEL,DAYLIGHT,,,40016.46398,FALSE,2975,Accepted
7965868,0560300,ST. MATTHEWS POLICE DEPARTMENT,Accepted,JEFFERSON,US0060,4600,SHELBYVILLE,RD,,,,,,,,38.2503904,-85.6243415,5.259,7/10/2009,2205,2,1,0,1,CLEAR,DRY,FALSE,COLLISION WITH PEDESTRIAN NON - INTERSECTION,SINGLE VEHICLE,STRAIGHT & LEVEL,DAYLIGHT,,,40005.95016,FALSE,9131,Accepted
6799227,0568000,LOUISVILLE METRO POLICE DEPT,Accepted,JEFFERSON,,,3RD,ST,S,,,,,,,38.1912155,-85.7648914,0.647,7/8/2009,1943,2,1,0,1,CLEAR,DRY,FALSE,COLLISION WITH PEDESTRIAN NON - INTERSECTION,SINGLE VEHICLE,STRAIGHT & LEVEL,DAYLIGHT,,,40003.66222,FALSE,7655,Accepted
6804144,0568000,LOUISVILLE METRO POLICE DEPT,Accepted,JEFFERSON,,2311,ROWAN,ST,,,,,,,,38.2614533,-85.7878082,1.062,7/1/2009,1803,2,1,0,1,CLOUDY,DRY,FALSE,COLLISION WITH PEDESTRIAN NON - INTERSECTION,SINGLE VEHICLE,STRAIGHT & LEVEL,DAYLIGHT,,,39996.62236,FALSE,2300,Accepted
7647044,0560300,ST. MATTHEWS POLICE DEPARTMENT,Accepted,JEFFERSON,,5000,SHELBYVILLE,RD,,,,,,,,38.2501793,-85.6236482,,6/25/2009,2015,4,1,0,3,CLEAR,DRY,FALSE,COLLISION IN PARKING LOT,SINGLE VEHICLE,CURVE & LEVEL,DUSK,,,39990.41659,FALSE,9186,Accepted
7635634,0568000,LOUISVILLE METRO POLICE DEPT,Accepted,JEFFERSON,,,TAYLOR,BLVD,,,,,,,,38.1961976,-85.7830002,0,6/21/2009,1558,2,1,1,0,CLEAR,DRY,FALSE,COLLISION WITH PEDESTRIAN NON - INTERSECTION,SINGLE VEHICLE,STRAIGHT & LEVEL,DAYLIGHT,,,39987.57481,FALSE,6561,Accepted
7629782,0568000,LOUISVILLE METRO POLICE DEPT,Accepted,JEFFERSON,,,FOUR WINDS,DR,,,,,ORMSBY,,MOONSTONE,38.2660135,-85.6015999,0.105,6/18/2009,1616,2,1,0,1,CLEAR,DRY,FALSE,COLLISION WITH PEDESTRIAN NON - INTERSECTION,SINGLE VEHICLE,STRAIGHT & LEVEL,DAYLIGHT,,,39986.50209,FALSE,6317,Accepted
7634301,0568000,LOUISVILLE METRO POLICE DEPT,Accepted,JEFFERSON,,,HILL,ST,W,,,,7TH,,6TH,38.2268734,-85.7693599,0.683,6/15/2009,1300,2,1,0,2,CLOUDY,DRY,FALSE,COLLISION WITH PEDESTRIAN NON - INTERSECTION,SINGLE VEHICLE,STRAIGHT & LEVEL,DAYLIGHT,,,39981.49507,FALSE,2874,Accepted
6846547,0560300,ST. MATTHEWS POLICE DEPARTMENT,Accepted,JEFFERSON,,,BROWNS,LN,,,,,GRANDVIEW,US0060,SHELBYVILLE,38.252,-85.6472092,0.017,6/13/2009,1155,2,1,0,1,CLEAR,DRY,FALSE,COLLISION WITH PEDESTRIAN NON - INTERSECTION,SINGLE VEHICLE,STRAIGHT & LEVEL,DAYLIGHT,,,39977.65753,FALSE,9168,Accepted
6825280,0568000,LOUISVILLE METRO POLICE DEPT,Accepted,JEFFERSON,,,JOHNSONTOWN,RD,,,MOONGLOW,,,,,38.11945,-85.85568333,,6/12/2009,0438,2,1,0,1,CLOUDY,DRY,FALSE,COLLISION WITH PEDESTRIAN IN INTERSECTION,SINGLE VEHICLE,STRAIGHT & LEVEL,DARK-HWY NOT LIGHTED,,,39980.48811,FALSE,7790,Accepted
7614689,0568000,LOUISVILLE METRO POLICE DEPT,Accepted,JEFFERSON,I 0065,,,,,,,I 0065,I65 N EXIT134B OFF RAMP TO WOODBINE ST,I 0065,I65 N EXIT135 OFF RAMP TO E ST CATHERINE,38.2336124,-85.7507648,134.397,6/11/2009,0334,4,3,0,2,RAINING,WET,FALSE,1 VEHICLE ENTERING/LEAVING ENTRANCE,ANGLE,STRAIGHT & LEVEL,DARK-HWY LIGHTED/ON,,,39975.49294,TRUE,7705,Accepted
6835781,0568000,LOUISVILLE METRO POLICE DEPT,Accepted,JEFFERSON,KY0061,,PRESTON,HWY,,,,,ROSE,,ALDER,38.1751942,-85.7131604,6.924,6/5/2009,0828,2,1,0,1,CLEAR,DRY,FALSE,COLLISION WITH PEDESTRIAN NON - INTERSECTION,SINGLE VEHICLE,STRAIGHT & LEVEL,DAYLIGHT,,,39972.63031,FALSE,2876,Accepted
7701495,0568000,LOUISVILLE METRO POLICE DEPT,Accepted,JEFFERSON,KY0155,,TAYLORSVILLE,RD,,KY2048,DUTCHMANS,,,,,38.22217,-85.6583117,15.101,5/21/2009,0745,2,1,0,2,CLEAR,DRY,FALSE,COLLISION WITH PEDESTRIAN IN INTERSECTION,SINGLE VEHICLE,STRAIGHT & LEVEL,DAYLIGHT,,,39954.49137,FALSE,2346,Accepted
7723638,0568000,LOUISVILLE METRO POLICE DEPT,Accepted,JEFFERSON,,,CENTRAL,AVE,,,,,COLORADO,,LINDBERGH,38.2110625,-85.7798328,1.406,5/20/2009,0601,2,1,0,1,CLEAR,DRY,FALSE,COLLISION WITH PEDESTRIAN NON - INTERSECTION,SINGLE VEHICLE,STRAIGHT & LEVEL,DAWN,,,39954.36809,FALSE,7734,Accepted
6743119,0568000,LOUISVILLE METRO POLICE DEPT,Accepted,JEFFERSON,,630,MERIWETHER,AVE,,,,,,,,38.2271158,-85.7458474,,5/19/2009,1438,3,2,0,1,CLEAR,DRY,FALSE,COLLISION IN PARKING LOT,SIDESWIPE-OPPOSITE DIRECTION,STRAIGHT & LEVEL,DAYLIGHT,,,39953.41406,TRUE,2999,Accepted
6756573,0568000,LOUISVILLE METRO POLICE DEPT,Accepted,JEFFERSON,I 0265,,,,,,,,,,,38.1108308,-85.6844218,11.223,5/17/2009,0255,2,1,0,1,CLEAR,DRY,TRUE,COLLISION WITH PEDESTRIAN NON - INTERSECTION,SINGLE VEHICLE,CURVE & GRADE,DARK-HWY NOT LIGHTED,,,39952.49363,FALSE,6886,Accepted
6758129,0568000,LOUISVILLE METRO POLICE DEPT,Accepted,JEFFERSON,I 0265,,,,,,,,,,,38.1107501,-85.6835968,11.268,5/17/2009,0255,2,1,1,0,CLEAR,DRY,FALSE,COLLISION WITH PEDESTRIAN NON - INTERSECTION,SINGLE VEHICLE,CURVE & GRADE,DARK-HWY NOT LIGHTED,,,39952.49378,FALSE,6886,Accepted
6749228,0568000,LOUISVILLE METRO POLICE DEPT,Accepted,JEFFERSON,US0031E,,BAXTER,AVE,,,,,,,,38.2417948,-85.7257256,15.77,5/15/2009,0046,2,1,0,1,CLEAR,DRY,TRUE,COLLISION WITH PEDESTRIAN NON - INTERSECTION,SINGLE VEHICLE,STRAIGHT & LEVEL,DARK-HWY LIGHTED/ON,,,39948.5006,FALSE,7712,Accepted
6742708,0568000,LOUISVILLE METRO POLICE DEPT,Accepted,JEFFERSON,KY1020,,2ND,ST,S,,,,,,,38.2324971,-85.7573445,0,5/12/2009,1510,3,2,0,3,CLEAR,DRY,FALSE,SIDESWIPE COLLISION - SAME DIRECTION,SIDESWIPE-SAME DIRECTION,STRAIGHT & LEVEL,DAYLIGHT,,,39951.49167,FALSE,6379,Accepted
7807773,0568000,LOUISVILLE METRO POLICE DEPT,Accepted,JEFFERSON,KY1020,,SOUTHSIDE,DR,,,SOUTHLAND,,,,,38.1711174,-85.764674,6.974,5/9/2009,0200,2,1,0,1,CLEAR,DRY,FALSE,COLLISION WITH PEDESTRIAN IN INTERSECTION,SINGLE VEHICLE,STRAIGHT & LEVEL,DARK-HWY LIGHTED/ON,,,39945.45532,FALSE,7571,Accepted
23100533,0560300,ST. MATTHEWS POLICE DEPARTMENT,Accepted,JEFFERSON,KY1932,,BRECKENRIDGE,LN,,I 0264,I264 W EXIT18A OFF RAMP TO KY1932,,,,,38.2302101,-85.6368669,3.635,4/20/2009,0935,4,3,0,1,RAINING,WET,FALSE,ANGLE COLLISION - ONE VEHICLE TURNING RIGHT,ANGLE,STRAIGHT & GRADE,DAYLIGHT,,,43175.47874,TRUE,9173,Accepted
6784754,0568000,LOUISVILLE METRO POLICE DEPT,Accepted,JEFFERSON,KY1932,,BRECKENRIDGE,LN,,,,,,,,38.2523605,-85.6548145,5.472,4/18/2009,0219,4,1,0,3,CLOUDY,DRY,FALSE,COLLISION WITH PEDESTRIAN NON - INTERSECTION,SINGLE VEHICLE,STRAIGHT & LEVEL,DARK-HWY LIGHTED/ON,,,39923.4834,FALSE,2961,Accepted
6784822,0568000,LOUISVILLE METRO POLICE DEPT,Accepted,JEFFERSON,,,CAMP,ST,,,,,HANCOCK,KY0061,JACKSON,38.2317033,-85.7467432,0.246,4/18/2009,1050,2,1,0,1,CLEAR,DRY,FALSE,COLLISION WITH PEDESTRIAN NON - INTERSECTION,SINGLE VEHICLE,STRAIGHT & LEVEL,DAYLIGHT,,,39923.48617,FALSE,2999,Accepted
6769139,0568000,LOUISVILLE METRO POLICE DEPT,Accepted,JEFFERSON,,,BARRET,AVE,,,BRECKINRIDGE,,,,,38.2402793,-85.7311917,0.642,4/9/2009,1450,2,1,0,1,CLEAR,DRY,FALSE,COLLISION WITH PEDESTRIAN IN INTERSECTION,SINGLE VEHICLE,STRAIGHT & LEVEL,DAYLIGHT,,,39917.37079,FALSE,2895,Accepted
8011524,0568000,LOUISVILLE METRO POLICE DEPT,Accepted,JEFFERSON,,,REGENT,WAY,,KY2052,SHEPHERDSVILLE,,,,,38.1742282,-85.6594332,0.002,4/3/2009,0230,2,1,0,1,RAINING,WET,TRUE,COLLISION WITH PEDESTRIAN IN INTERSECTION,SINGLE VEHICLE,STRAIGHT & LEVEL,DARK-HWY NOT LIGHTED,,,39909.56821,FALSE,2162,Accepted
8000427,0568000,LOUISVILLE METRO POLICE DEPT,Accepted,JEFFERSON,US0031E,,BAXTER,AVE,,US0150,BROADWAY,,,,,38.2437991,-85.7269622,15.903,4/2/2009,0323,2,1,0,1,CLEAR,DRY,TRUE,COLLISION WITH PEDESTRIAN IN INTERSECTION,SINGLE VEHICLE,STRAIGHT & LEVEL,DARK-HWY LIGHTED/ON,,,39905.37212,FALSE,7809,Accepted
8006520,0568000,LOUISVILLE METRO POLICE DEPT,Accepted,JEFFERSON,,,JEANINE,DR,,,,,INDIAN,,CAROLYN,38.1693147,-85.6882496,0.795,4/2/2009,2010,2,1,0,1,RAINING,WET,FALSE,COLLISION WITH PEDESTRIAN NON - INTERSECTION,SINGLE VEHICLE,STRAIGHT & LEVEL,DARK-HWY NOT LIGHTED,,,39909.55157,FALSE,6138,Accepted
8029282,0568000,LOUISVILLE METRO POLICE DEPT,Accepted,JEFFERSON,,1818,HURSTBOURNE,PKWY,S,,,,,,,38.2191432,-85.5837422,,3/30/2009,2037,2,1,0,1,CLEAR,DRY,FALSE,COLLISION IN PARKING LOT,SINGLE VEHICLE,STRAIGHT & LEVEL,DAYLIGHT,,,39903.57563,FALSE,2323,Accepted
8034741,0568000,LOUISVILLE METRO POLICE DEPT,Accepted,JEFFERSON,,,JACKSON,ST,,,JACOB,,,,,38.23853333,-85.741,,3/29/2009,0540,2,1,0,1,CLEAR,DRY,TRUE,OPPOSITE DIRECTION - BOTH VEHICLES GOING STRAIGHT AHEAD,HEAD ON,STRAIGHT & LEVEL,DARK-HWY LIGHTED/ON,,,39904.44779,FALSE,2423,Accepted
8012049,0568000,LOUISVILLE METRO POLICE DEPT,Accepted,JEFFERSON,,,MAYO,DR,,,,,BASHFORD MANOR,,KERRY,38.2022127,-85.6722205,0.188,3/25/2009,1410,2,1,0,1,CLOUDY,WET,FALSE,COLLISION WITH PEDESTRIAN NON - INTERSECTION,SINGLE VEHICLE,CURVE & LEVEL,DAYLIGHT,,,39898.53384,FALSE,6100,Accepted
8034182,0568000,LOUISVILLE METRO POLICE DEPT,Accepted,JEFFERSON,US0031E,,BARDSTOWN,RD,,,,,ROXANN,KY1932,BRECKENRIDGE,38.1815132,-85.6273989,8.731,3/24/2009,2106,2,1,0,1,CLEAR,DRY,FALSE,COLLISION WITH PEDESTRIAN NON - INTERSECTION,SINGLE VEHICLE,STRAIGHT & LEVEL,DARK-HWY LIGHTED/ON,,,39902.41,FALSE,2323,Accepted
7944208,0568000,LOUISVILLE METRO POLICE DEPT,Accepted,JEFFERSON,KY0061,,PRESTON,HWY,,I 0065,I65 N EXIT131 RAMP FROM KY61,,,,,38.1875473,-85.724943,7.982,3/21/2009,1845,2,1,0,1,CLEAR,DRY,FALSE,COLLISION WITH PEDESTRIAN IN INTERSECTION,SINGLE VEHICLE,STRAIGHT & LEVEL,DAYLIGHT,,,39895.46322,FALSE,2621,Accepted
8004311,0568000,LOUISVILLE METRO POLICE DEPT,Accepted,JEFFERSON,US0031E,,BARDSTOWN,RD,,,BEARGRASS,,,,,38.1893086,-85.6418261,9.712,3/11/2009,2318,2,1,0,1,CLOUDY,DRY,TRUE,COLLISION WITH PEDESTRIAN IN INTERSECTION,SINGLE VEHICLE,STRAIGHT & LEVEL,DARK-HWY LIGHTED/ON,,,39898.49174,FALSE,6138,Accepted
7856814,0568000,LOUISVILLE METRO POLICE DEPT,Accepted,JEFFERSON,,,33RD,ST,N,,,,,,,38.2749418,-85.8009173,0.297,3/1/2009,2003,4,3,0,1,CLEAR,DRY,TRUE,COLLISION WITH PEDESTRIAN NON - INTERSECTION,ANGLE,STRAIGHT & LEVEL,DARK-HWY LIGHTED/ON,,,39874.535,FALSE,7768,Accepted
8018646,0561000,JEFFERSONTOWN POLICE DEPT,Accepted,JEFFERSON,KY1819,4402,BILLTOWN,RD,,,,,WILDFLOWER WOODS,,NATALIE,38.1808132,-85.5712441,8.215,2/27/2009,0702,2,1,1,0,RAINING,WET,FALSE,COLLISION WITH PEDESTRIAN NON - INTERSECTION,SINGLE VEHICLE,STRAIGHT & LEVEL,DARK-HWY LIGHTED/ON,,,39873.86617,FALSE,8242,Accepted
7783047,0568000,LOUISVILLE METRO POLICE DEPT,Accepted,JEFFERSON,US0150,,BROADWAY,,W,,4TH,,,,,38.2460944,-85.7583422,2.384,2/16/2009,1450,2,1,0,1,CLEAR,DRY,FALSE,COLLISION WITH PEDESTRIAN IN INTERSECTION,SINGLE VEHICLE,STRAIGHT & LEVEL,DAYLIGHT,,,39863.32718,FALSE,2816,Accepted
7766494,0568000,LOUISVILLE METRO POLICE DEPT,Accepted,JEFFERSON,,,7TH,ST,S,,,,BURNETT,,OAKLAND,38.2279114,-85.7683923,0.744,2/11/2009,2125,2,1,0,1,OTHER,DRY,FALSE,COLLISION WITH PEDESTRIAN NON - INTERSECTION,SINGLE VEHICLE,STRAIGHT & LEVEL,DARK-HWY LIGHTED/ON,,,39861.36644,FALSE,2307,Accepted
7677251,0568000,LOUISVILLE METRO POLICE DEPT,Accepted,JEFFERSON,,,GOLDSMITH,LN,,,BELMONT,,,,,38.20601667,-85.67333333,,2/4/2009,0710,2,1,0,1,CLEAR,DRY,FALSE,COLLISION WITH PEDESTRIAN IN INTERSECTION,ANGLE,STRAIGHT & LEVEL,DAYLIGHT,,,39854.33334,FALSE,6100,Accepted
7658925,0568000,LOUISVILLE METRO POLICE DEPT,Accepted,JEFFERSON,KY0022,,BROWNSBORO,RD,,,CHATTESWORTH,,,,,38.2907,-85.6159333,0,2/2/2009,1647,3,1,0,2,CLEAR,DRY,FALSE,COLLISION WITH PEDESTRIAN IN INTERSECTION,SINGLE VEHICLE,STRAIGHT & HILLCREST,DAYLIGHT,,,39849.45222,FALSE,6323,Accepted
23105355,0568000,LOUISVILLE METRO POLICE DEPT,Accepted,JEFFERSON,KY0061,,PRESTON,ST,S,,,,,,,38.2299458,-85.7501783,11.3,2/1/2009,2145,2,1,0,1,SNOWING,ICE,TRUE,OTHER ROADWAY OR MID-BLOCK COLLISION,SINGLE VEHICLE,STRAIGHT & GRADE,DARK-HWY LIGHTED/ON,,,43175.54441,FALSE,7598,Accepted
7678938,0568000,LOUISVILLE METRO POLICE DEPT,Accepted,JEFFERSON,US0031E,,BARDSTOWN,RD,,,,,EMRICH,KY1747,HURSTBOURNE,38.1685645,-85.6045401,7.203,1/30/2009,1002,3,2,0,1,CLOUDY,SNOW/SLUSH,FALSE,1 VEHICLE ENTERING/LEAVING ENTRANCE,ANGLE,STRAIGHT & LEVEL,DAYLIGHT,,,39849.53539,TRUE,2041,Accepted
7609198,0568000,LOUISVILLE METRO POLICE DEPT,Accepted,JEFFERSON,,,SOUTHLAND,BLVD,W,,3RD,,,,,38.1715718,-85.7677914,0.256,1/20/2009,1321,2,1,0,1,CLEAR,DRY,FALSE,COLLISION WITH PEDESTRIAN IN INTERSECTION,SINGLE VEHICLE,STRAIGHT & LEVEL,DAYLIGHT,,,39834.50753,FALSE,2532,Accepted
7595817,0568000,LOUISVILLE METRO POLICE DEPT,Accepted,JEFFERSON,KY0864,,POPLAR LEVEL,RD,,,,,THRUSTON,,AUDUBON PLAZA,38.2146149,-85.7236772,12.955,1/18/2009,1444,3,2,0,1,CLOUDY,WET,FALSE,COLLISION WITH PEDESTRIAN NON - INTERSECTION,HEAD ON,STRAIGHT & GRADE,DAYLIGHT,,,39833.67028,FALSE,2323,Accepted
7554564,0568000,LOUISVILLE METRO POLICE DEPT,Accepted,JEFFERSON,,,PORTLAND,AVE,,,,,26TH,,27TH,38.26975,-85.78851667,,1/14/2009,1840,2,1,0,1,CLEAR,DRY,FALSE,COLLISION WITH PEDESTRIAN NON - INTERSECTION,ANGLE,STRAIGHT & LEVEL,DARK-HWY LIGHTED/ON,,,39828.67851,FALSE,7694,Accepted
7526573,0568000,LOUISVILLE METRO POLICE DEPT,Accepted,JEFFERSON,US0031E,,BARDSTOWN,RD,,,,,PARIS,US0031E,BUECHEL,38.2009692,-85.6630691,11.207,1/13/2009,1446,2,1,0,1,CLOUDY,DRY,FALSE,COLLISION WITH PEDESTRIAN NON - INTERSECTION,SINGLE VEHICLE,STRAIGHT & GRADE,DAYLIGHT,,,39828.49753,FALSE,2323,Accepted